age,gender,height,weight,waist,chest,hips
50,Female,169.3,56.1,83.0,91.0,103.0
64,Male,190.0,103.5,120.0,111.0,124.0
54,Male,183.4,,115.0,122.0,125.0
32,Male,167.9,70.1,97.0,101.0,93.0
18,Male,167.2,70.1,91.0,103.0,110.0
18,Female,164.3,52.8,73.0,79.0,99.0
21,Male,176.1,78.8,102.0,109.0,111.0
57,Male,166.3,90.4,,103.0,107.0
25,Male,174.4,78.2,99.0,108.0,100.0
39,Female,159.9,60.5,82.0,87.0,95.0
56,Female,172.8,74.5,79.0,101.0,113.0
58,Male,189.7,102.4,126.0,104.0,118.0
18,Female,157.3,40.8,66.0,80.0,
55,Female,162.5,73.6,89.0,98.0,111.0
41,Female,171.9,48.7,,86.0,96.0
51,Male,167.7,68.3,88.0,97.0,106.0
38,Female,161.7,48.4,65.0,82.0,102.0
46,Female,163.4,63.2,,98.0,101.0
58,Female,159.6,70.3,87.0,89.0,101.0
55,Female,169.4,66.3,82.0,95.0,105.0
24,Female,162.6,42.4,71.0,87.0,99.0
25,Male,180.0,83.1,100.0,97.0,116.0
61,Male,178.5,81.3,101.0,112.0,113.0
39,Male,175.1,64.5,88.0,104.0,101.0
28,Female,162.3,53.8,72.0,78.0,96.0
33,Male,183.1,63.1,80.0,101.0,105.0
23,Non-Binary,176.1,76.7,93.0,98.0,106.0
26,Female,163.8,68.9,84.0,92.0,108.0
26,Non-Binary,163.9,72.4,79.0,97.0,104.0
64,Female,152.2,66.7,87.0,91.0,105.0
52,Female,156.2,49.8,78.0,85.0,90.0
51,Female,169.2,67.3,79.0,91.0,102.0
56,Male,178.8,83.5,100.0,113.0,105.0
33,Female,160.5,62.5,81.0,87.0,111.0
53,Non-Binary,169.1,78.4,91.0,101.0,100.0
44,Female,157.2,51.0,70.0,94.0,85.0
26,Male,174.6,60.9,83.0,99.0,100.0
25,Female,165.4,50.0,66.0,88.0,88.0
61,Male,175.3,83.1,97.0,101.0,109.0
40,Female,,61.5,78.0,92.0,111.0
60,Male,180.5,77.3,95.0,117.0,111.0
44,Male,179.0,68.7,89.0,111.0,103.0
35,Female,165.4,52.3,72.0,84.0,97.0
51,Male,178.3,67.4,87.0,98.0,103.0
53,Male,177.0,61.9,86.0,93.0,99.0
62,Male,164.5,81.3,91.0,100.0,98.0
53,Female,162.3,64.0,83.0,86.0,98.0
41,Male,176.3,68.6,87.0,99.0,107.0
44,Male,,73.3,96.0,,101.0
53,Male,173.8,70.6,,99.0,97.0
54,Female,167.7,75.8,92.0,93.0,114.0
22,Female,157.9,63.8,83.0,86.0,98.0
57,Male,166.4,74.5,91.0,104.0,99.0
40,Female,161.9,55.1,76.0,76.0,97.0
58,Female,167.0,61.1,81.0,90.0,98.0
27,Male,169.8,81.8,97.0,97.0,106.0
50,Male,178.7,85.6,106.0,106.0,109.0
29,Female,160.5,68.2,75.0,84.0,108.0
63,Male,177.3,64.6,91.0,100.0,98.0
49,Female,167.3,61.4,83.0,84.0,101.0
59,Non-Binary,181.8,72.8,87.0,93.0,108.0
46,Female,157.8,74.6,88.0,,108.0
18,Male,178.1,76.4,94.0,98.0,106.0
58,Non-Binary,161.3,54.8,74.0,92.0,83.0
27,Female,171.3,80.3,92.0,95.0,119.0
61,Female,169.7,69.5,90.0,88.0,106.0
23,Male,173.1,57.6,92.0,90.0,97.0
26,Female,151.6,54.7,78.0,85.0,97.0
47,Female,164.7,56.5,70.0,84.0,96.0
39,Female,160.5,55.1,74.0,81.0,100.0
64,Male,180.9,81.8,94.0,105.0,105.0
42,Female,,73.7,78.0,104.0,103.0
59,Male,176.4,71.0,94.0,,97.0
38,Female,160.9,46.5,65.0,79.0,92.0
60,Female,161.4,74.6,85.0,96.0,114.0
54,Female,157.3,60.6,84.0,91.0,108.0
42,Male,178.3,81.8,99.0,99.0,100.0
35,Female,162.2,74.6,91.0,94.0,113.0
39,Female,147.4,50.0,69.0,81.0,
59,Male,174.2,70.1,100.0,104.0,99.0
28,Male,158.0,63.0,83.0,83.0,93.0
50,Female,160.1,33.1,64.0,70.0,83.0
46,Female,160.0,65.9,83.0,95.0,107.0
41,Male,180.9,63.8,90.0,99.0,99.0
39,Female,159.3,59.3,71.0,92.0,105.0
57,Female,154.7,46.6,60.0,91.0,96.0
26,Female,163.6,59.8,81.0,92.0,103.0
65,Male,171.4,81.7,100.0,101.0,114.0
49,Male,187.5,85.6,104.0,112.0,121.0
59,Female,166.3,71.3,87.0,95.0,107.0
37,Female,159.2,64.2,75.0,88.0,104.0
41,Male,173.9,58.7,80.0,89.0,97.0
35,Female,160.5,62.2,80.0,90.0,
39,Male,177.4,58.4,79.0,117.0,96.0
34,Male,166.3,76.7,92.0,100.0,103.0
31,Male,179.2,77.9,98.0,105.0,104.0
45,Male,166.0,57.7,78.0,101.0,93.0
44,Female,158.0,50.0,73.0,83.0,92.0
61,Male,184.2,85.9,109.0,110.0,116.0
44,Male,166.6,67.3,93.0,88.0,98.0
32,Male,160.0,81.3,,110.0,108.0
48,Female,156.8,59.5,78.0,92.0,101.0
22,Female,159.0,56.9,70.0,91.0,100.0
37,Male,181.7,72.6,93.0,99.0,104.0
21,Male,173.1,49.1,76.0,85.0,89.0
32,Male,172.0,91.9,102.0,114.0,115.0
30,Male,177.5,79.5,102.0,113.0,110.0
24,Female,156.2,64.1,80.0,99.0,109.0
54,Male,175.0,75.4,91.0,103.0,109.0
29,Female,166.1,65.1,74.0,93.0,101.0
33,Male,178.7,74.7,97.0,104.0,112.0
36,Female,166.0,68.4,80.0,,108.0
19,Male,177.3,71.5,95.0,94.0,101.0
32,Female,166.9,67.7,80.0,97.0,103.0
33,Female,154.5,67.7,85.0,95.0,107.0
20,Female,170.6,61.8,80.0,88.0,105.0
55,Female,157.9,47.2,69.0,87.0,99.0
55,Male,159.4,,89.0,91.0,96.0
60,Female,156.3,62.9,75.0,87.0,108.0
50,Male,172.5,73.8,94.0,105.0,102.0
40,Male,185.5,75.4,98.0,107.0,106.0
21,Female,155.3,59.2,80.0,85.0,100.0
53,Female,158.3,55.3,78.0,84.0,99.0
57,Female,170.0,63.9,80.0,89.0,106.0
23,Female,167.1,79.7,95.0,100.0,115.0
59,Female,155.8,45.4,69.0,83.0,88.0
21,Male,183.2,61.1,99.0,92.0,93.0
29,Female,,43.8,63.0,76.0,93.0
20,Female,155.8,65.8,81.0,91.0,99.0
51,Male,177.0,,111.0,106.0,118.0
43,Male,165.4,,78.0,88.0,96.0
50,Male,182.8,,91.0,97.0,102.0
45,Female,166.2,88.1,99.0,107.0,121.0
48,Female,166.5,88.7,94.0,97.0,120.0
19,Male,176.4,86.6,111.0,107.0,120.0
51,Non-Binary,168.4,57.5,72.0,93.0,91.0
48,Male,186.9,83.3,102.0,102.0,
61,Female,166.8,76.5,92.0,92.0,114.0
53,Male,178.3,68.7,90.0,103.0,98.0
19,Female,166.0,51.1,75.0,,83.0
26,Female,161.9,63.0,84.0,92.0,102.0
56,Male,173.7,98.0,112.0,117.0,118.0
65,Female,161.0,85.0,95.0,92.0,121.0
51,Male,162.6,48.0,80.0,84.0,87.0
39,Female,161.9,70.4,87.0,100.0,95.0
65,Male,165.7,70.9,98.0,96.0,105.0
48,Male,169.0,75.1,93.0,110.0,103.0
58,Female,148.1,64.8,83.0,90.0,102.0
37,Female,153.2,43.4,63.0,85.0,96.0
58,Male,174.3,86.7,,105.0,108.0
60,Male,181.5,68.8,104.0,98.0,101.0
21,Female,158.2,43.8,72.0,81.0,87.0
59,Male,179.0,90.3,110.0,103.0,114.0
56,Male,176.9,89.0,105.0,112.0,115.0
43,Female,169.5,71.6,81.0,99.0,107.0
65,Female,157.1,50.4,,79.0,94.0
51,Male,175.9,91.5,106.0,115.0,117.0
36,Female,157.9,69.9,84.0,86.0,110.0
47,Male,168.6,59.5,81.0,93.0,91.0
65,Male,188.9,90.8,107.0,105.0,112.0
31,Female,160.1,63.3,81.0,94.0,
21,Male,175.8,61.9,82.0,100.0,93.0
27,Female,150.9,47.9,61.0,80.0,97.0
43,Female,158.2,34.7,60.0,80.0,87.0
42,Female,157.2,44.8,67.0,74.0,95.0
64,Female,167.5,58.3,75.0,90.0,106.0
65,Female,159.2,73.6,83.0,99.0,115.0
38,Male,177.9,55.3,88.0,96.0,89.0
30,Male,178.8,55.4,70.0,92.0,89.0
39,Non-Binary,170.9,85.3,89.0,99.0,111.0
28,Female,166.0,,81.0,81.0,102.0
36,Male,166.7,65.4,86.0,89.0,95.0
39,Female,161.1,71.7,95.0,96.0,110.0
33,Female,160.8,56.8,72.0,87.0,99.0
26,Male,179.8,60.4,84.0,94.0,101.0
58,Male,178.1,71.6,94.0,99.0,108.0
50,Female,177.4,57.0,72.0,78.0,97.0
26,Male,186.8,87.8,106.0,110.0,121.0
45,Female,170.2,67.5,91.0,87.0,112.0
18,Female,161.7,44.3,70.0,79.0,97.0
63,Female,155.3,51.4,79.0,84.0,99.0
37,Female,163.3,51.8,72.0,85.0,104.0
31,Male,177.9,94.3,107.0,102.0,122.0
55,Male,170.1,74.7,89.0,103.0,109.0
34,Female,162.8,61.1,,93.0,106.0
41,Male,177.1,83.1,101.0,106.0,106.0
52,Male,186.6,94.0,112.0,121.0,113.0
19,Female,156.6,43.8,71.0,85.0,90.0
34,Female,161.4,63.2,85.0,91.0,104.0
62,Female,160.7,59.2,,91.0,95.0
45,Female,166.7,67.0,89.0,103.0,107.0
56,Female,162.2,59.8,75.0,90.0,111.0
48,Female,158.3,69.2,82.0,92.0,100.0
51,Male,176.3,78.8,107.0,102.0,109.0
48,Male,175.9,57.7,86.0,98.0,108.0
22,Female,156.3,66.0,86.0,85.0,113.0
49,Male,166.4,83.8,104.0,95.0,107.0
32,Female,164.6,72.4,84.0,95.0,114.0
39,Female,158.4,59.2,82.0,99.0,104.0
28,Male,178.5,71.4,90.0,107.0,112.0
63,Female,164.8,81.4,99.0,103.0,121.0
18,Male,171.0,57.5,88.0,98.0,87.0
38,Male,170.9,60.6,87.0,94.0,89.0
55,Male,179.2,74.1,88.0,109.0,105.0
60,Male,178.3,53.5,73.0,100.0,101.0
36,Male,171.4,54.8,85.0,87.0,94.0
20,Female,170.0,83.4,89.0,98.0,113.0
35,Male,179.8,67.7,85.0,104.0,108.0
19,Female,158.4,65.2,79.0,93.0,95.0
33,Female,169.2,62.6,77.0,96.0,101.0
36,Male,177.4,56.0,76.0,106.0,92.0
62,Male,173.4,60.9,88.0,100.0,93.0
42,Male,165.3,56.9,87.0,103.0,91.0
19,Female,,87.3,98.0,88.0,118.0
31,Male,177.6,56.1,74.0,105.0,92.0
65,Female,163.8,61.1,76.0,90.0,101.0
25,Male,177.1,84.7,110.0,119.0,112.0
49,Male,171.1,62.2,83.0,100.0,97.0
20,Male,175.9,83.8,,98.0,115.0
31,Male,171.4,90.0,99.0,115.0,111.0
60,Female,172.2,56.7,76.0,86.0,110.0
31,Female,156.4,51.8,72.0,88.0,98.0
44,Female,156.5,75.4,91.0,96.0,116.0
54,Male,171.2,79.1,104.0,102.0,109.0
38,Male,182.3,83.1,104.0,103.0,110.0
47,Female,163.9,77.9,90.0,94.0,124.0
46,Male,166.3,47.5,75.0,95.0,85.0
40,Male,172.9,79.2,96.0,117.0,106.0
50,Female,,59.9,83.0,87.0,96.0
30,Female,167.7,95.7,104.0,104.0,132.0
18,Male,176.3,72.9,87.0,101.0,101.0
25,Female,167.0,56.5,75.0,89.0,96.0
43,Male,184.6,75.1,93.0,95.0,106.0
51,Female,159.2,77.1,94.0,96.0,113.0
44,Female,157.7,43.1,62.0,77.0,86.0
61,Female,168.1,72.5,88.0,89.0,113.0
37,Female,166.4,65.4,82.0,88.0,108.0
23,Female,164.6,64.7,83.0,92.0,102.0
46,Female,160.7,52.9,76.0,86.0,102.0
28,Male,182.0,69.6,96.0,100.0,113.0
21,Female,172.4,68.3,87.0,91.0,106.0
29,Female,140.2,57.6,73.0,86.0,100.0
65,Female,159.4,45.3,76.0,74.0,91.0
19,Female,160.8,59.6,82.0,91.0,103.0
42,Male,169.7,77.3,92.0,,111.0
35,Female,163.9,77.6,95.0,93.0,117.0
33,Female,163.6,81.0,95.0,96.0,110.0
47,Female,160.4,44.2,58.0,78.0,90.0
55,Female,174.4,64.7,79.0,92.0,103.0
56,Female,151.9,52.7,67.0,93.0,104.0
25,Female,166.6,62.5,85.0,93.0,105.0
39,Female,164.3,65.0,81.0,92.0,96.0
55,Male,174.8,82.3,106.0,106.0,107.0
61,Female,178.5,80.9,91.0,94.0,122.0
48,Female,163.2,62.3,79.0,93.0,101.0
64,Female,161.8,46.7,72.0,82.0,87.0
29,Male,181.9,80.5,112.0,113.0,106.0
60,Non-Binary,171.5,74.4,87.0,93.0,100.0
32,Female,155.8,53.1,78.0,85.0,96.0
29,Female,155.3,53.6,69.0,79.0,103.0
38,Male,180.9,91.6,105.0,108.0,119.0
62,Male,,72.4,100.0,89.0,109.0
64,Male,165.3,,84.0,95.0,98.0
54,Male,167.6,67.4,89.0,92.0,95.0
24,Male,172.0,55.1,81.0,95.0,94.0
48,Male,165.5,63.8,89.0,103.0,95.0
38,Male,187.7,107.3,121.0,113.0,125.0
28,Female,166.2,74.1,90.0,,119.0
41,Female,,61.1,77.0,84.0,106.0
55,Male,173.4,58.4,84.0,96.0,101.0
45,Female,163.8,61.4,77.0,88.0,114.0
22,Male,176.0,65.4,82.0,104.0,105.0
51,Male,174.2,78.5,100.0,94.0,107.0
49,Female,164.2,55.2,74.0,85.0,106.0
60,Female,153.4,,70.0,75.0,94.0
32,Male,,87.9,97.0,108.0,119.0
47,Female,163.3,53.9,73.0,84.0,98.0
38,Female,163.9,71.1,83.0,93.0,101.0
34,Male,170.4,62.2,81.0,101.0,100.0
58,Female,,76.9,90.0,84.0,
61,Male,187.1,86.4,104.0,,108.0
49,Male,175.9,104.3,118.0,110.0,120.0
19,Male,173.4,78.9,107.0,101.0,111.0
44,Male,180.2,77.6,92.0,95.0,107.0
52,Female,154.7,68.1,88.0,100.0,111.0
64,Male,162.9,69.9,93.0,103.0,97.0
28,Female,157.0,59.3,64.0,87.0,100.0
49,Male,178.4,66.4,87.0,102.0,99.0
38,Male,172.3,82.3,96.0,98.0,114.0
30,Female,163.9,74.0,89.0,81.0,110.0
50,Male,174.0,78.8,102.0,107.0,111.0
59,Female,156.7,,80.0,91.0,101.0
24,Male,180.8,71.4,98.0,98.0,104.0
56,Female,163.2,74.8,90.0,91.0,109.0
47,Female,160.6,52.7,71.0,89.0,96.0
29,Male,179.8,73.0,91.0,105.0,104.0
65,Female,173.3,75.9,93.0,96.0,120.0
35,Non-Binary,172.5,64.4,77.0,,98.0
47,Female,155.8,54.7,74.0,88.0,105.0
36,Male,179.6,79.8,104.0,112.0,108.0
46,Female,165.9,85.9,95.0,92.0,111.0
43,Female,157.5,57.8,71.0,78.0,97.0
20,Male,175.9,76.9,99.0,113.0,105.0
64,Female,154.9,60.6,74.0,86.0,100.0
53,Female,166.9,77.7,83.0,94.0,112.0
56,Female,161.3,60.0,80.0,90.0,95.0
45,Female,161.4,75.5,87.0,92.0,113.0
40,Female,159.6,73.1,87.0,92.0,113.0
63,Female,165.9,77.4,95.0,95.0,103.0
38,Female,155.6,45.7,73.0,92.0,93.0
53,Male,185.5,85.0,102.0,99.0,113.0
39,Male,182.4,94.2,106.0,114.0,119.0
19,Female,166.6,51.9,72.0,84.0,100.0
49,Non-Binary,165.6,68.1,80.0,96.0,104.0
52,Female,158.9,60.4,80.0,80.0,94.0
51,Female,168.1,81.9,94.0,100.0,122.0
43,Male,173.8,72.6,94.0,99.0,102.0
33,Female,155.5,59.0,76.0,89.0,100.0
30,Female,156.6,54.7,74.0,92.0,
42,Non-Binary,156.7,62.1,82.0,84.0,93.0
64,Female,149.5,68.4,86.0,90.0,106.0
22,Female,156.4,59.0,73.0,92.0,98.0
58,Female,152.3,63.4,76.0,87.0,100.0
19,Female,164.0,65.6,85.0,89.0,112.0
37,Female,155.2,65.0,80.0,88.0,106.0
34,Female,167.8,47.7,65.0,80.0,96.0
18,Female,169.5,70.8,86.0,90.0,117.0
58,Female,167.4,75.0,91.0,108.0,115.0
29,Female,175.0,70.3,86.0,93.0,108.0
59,Non-Binary,167.7,66.0,81.0,86.0,95.0
34,Female,147.0,,52.0,77.0,80.0
38,Female,,52.9,68.0,89.0,110.0
50,Male,170.1,64.9,82.0,96.0,99.0
49,Male,170.8,69.4,95.0,100.0,103.0
55,Male,176.1,73.4,88.0,104.0,109.0
34,Male,166.8,85.6,103.0,105.0,109.0
46,Female,163.1,70.1,89.0,91.0,105.0
49,Male,191.3,,96.0,117.0,111.0
37,Male,197.4,97.3,105.0,120.0,124.0
61,Male,172.4,78.4,99.0,104.0,97.0
56,Male,176.6,88.9,107.0,99.0,112.0
42,Female,160.5,52.2,66.0,89.0,95.0
49,Male,174.3,88.1,104.0,110.0,111.0
24,Female,153.1,65.9,84.0,89.0,106.0
23,Female,164.0,58.9,73.0,92.0,96.0
52,Female,159.0,65.2,85.0,90.0,101.0
31,Female,164.3,66.1,80.0,81.0,111.0
59,Male,171.1,62.9,89.0,108.0,97.0
54,Non-Binary,182.3,58.7,83.0,92.0,89.0
59,Female,165.7,61.4,79.0,99.0,106.0
25,Male,181.6,76.7,94.0,103.0,107.0
47,Male,169.7,51.2,85.0,80.0,95.0
53,Male,177.4,73.1,94.0,97.0,102.0
21,Male,176.0,65.2,85.0,88.0,101.0
28,Male,169.1,67.5,88.0,105.0,106.0
29,Female,160.2,61.2,77.0,88.0,105.0
64,Male,168.2,55.9,76.0,91.0,98.0
20,Male,,71.9,87.0,109.0,103.0
27,Male,174.5,75.9,85.0,,103.0
63,Female,158.1,71.0,85.0,95.0,106.0
20,Male,169.0,80.9,104.0,107.0,111.0
46,Female,160.6,50.3,71.0,82.0,92.0
35,Male,175.3,68.3,,91.0,
48,Male,176.3,65.5,84.0,107.0,106.0
32,Female,147.3,63.8,81.0,88.0,101.0
40,Male,173.7,76.1,97.0,105.0,100.0
26,Female,167.2,84.4,98.0,102.0,
23,Male,176.2,79.1,100.0,106.0,109.0
25,Female,153.1,47.8,71.0,84.0,93.0
61,Male,175.1,53.2,82.0,91.0,98.0
36,Female,168.3,60.2,81.0,90.0,95.0
43,Female,162.9,65.5,80.0,85.0,99.0
48,Female,159.4,50.4,75.0,76.0,99.0
56,Female,168.7,61.7,83.0,82.0,107.0
21,Female,173.8,63.7,79.0,96.0,111.0
40,Male,177.4,82.7,106.0,107.0,108.0
57,Male,182.8,103.2,119.0,116.0,122.0
38,Male,174.5,67.3,79.0,95.0,99.0
65,Male,182.1,99.4,117.0,129.0,124.0
20,Female,152.4,45.7,64.0,74.0,95.0
46,Male,172.8,64.6,91.0,97.0,100.0
61,Male,172.6,69.1,89.0,92.0,102.0
58,Female,166.6,76.6,96.0,100.0,
23,Male,169.3,74.4,92.0,108.0,103.0
43,Male,177.9,87.7,108.0,109.0,110.0
52,Female,165.4,61.9,86.0,93.0,99.0
35,Male,161.0,49.8,78.0,93.0,79.0
41,Male,177.5,75.7,97.0,111.0,98.0
53,Male,185.8,90.9,101.0,112.0,111.0
34,Male,169.6,44.1,74.0,86.0,86.0
32,Female,161.3,45.2,72.0,90.0,98.0
49,Male,176.6,89.7,105.0,103.0,110.0
18,Female,164.7,59.5,77.0,79.0,
33,Male,191.9,,102.0,97.0,106.0
36,Female,151.0,56.1,73.0,87.0,96.0
26,Female,159.7,47.0,71.0,85.0,95.0
53,Female,169.1,87.1,94.0,94.0,118.0
39,Female,157.1,76.2,91.0,93.0,112.0
58,Male,,65.2,91.0,97.0,98.0
30,Female,171.9,93.9,99.0,98.0,131.0
60,Male,169.5,58.2,80.0,88.0,95.0
63,Male,172.9,64.9,87.0,94.0,95.0
47,Female,165.7,63.3,79.0,88.0,110.0
34,Male,169.3,80.9,93.0,102.0,115.0
49,Male,178.8,97.5,105.0,124.0,119.0
51,Male,179.4,85.5,113.0,107.0,110.0
18,Female,165.2,87.8,100.0,99.0,
61,Female,157.6,84.1,97.0,101.0,123.0
48,Male,179.1,84.0,104.0,112.0,121.0
53,Female,164.2,75.6,86.0,94.0,116.0
22,Female,161.7,57.6,79.0,89.0,97.0
65,Female,157.7,67.9,88.0,89.0,100.0
40,Female,163.2,,87.0,95.0,108.0
38,Male,174.8,63.7,79.0,101.0,98.0
57,Male,177.9,52.0,79.0,98.0,94.0
18,Non-Binary,167.5,71.4,87.0,87.0,
30,Female,160.2,51.6,68.0,83.0,93.0
53,Female,149.2,64.4,86.0,96.0,96.0
39,Male,161.6,62.7,83.0,93.0,98.0
30,Female,164.4,46.2,73.0,86.0,97.0
64,Female,155.8,52.0,68.0,86.0,97.0
61,Female,161.6,75.8,91.0,93.0,115.0
25,Male,172.6,46.0,80.0,99.0,82.0
52,Female,172.0,83.0,90.0,93.0,
56,Female,,92.2,99.0,89.0,
62,Female,156.7,51.5,68.0,76.0,102.0
56,Female,159.0,56.0,81.0,91.0,102.0
60,Female,164.5,58.0,79.0,,103.0
28,Female,156.6,49.5,69.0,84.0,93.0
31,Male,167.9,87.8,99.0,101.0,115.0
59,Male,178.5,,86.0,98.0,93.0
20,Female,158.3,69.9,87.0,94.0,104.0
25,Female,163.3,68.3,82.0,86.0,99.0
32,Female,157.3,44.5,67.0,83.0,87.0
36,Female,164.2,55.6,72.0,87.0,105.0
21,Female,166.7,65.6,82.0,86.0,111.0
33,Female,171.7,66.7,87.0,94.0,106.0
62,Female,162.6,78.9,92.0,98.0,114.0
25,Female,157.9,69.9,82.0,100.0,117.0
21,Male,172.8,46.5,71.0,89.0,87.0
64,Female,163.7,62.7,77.0,85.0,99.0
49,Male,178.1,62.5,88.0,106.0,103.0
59,Male,176.6,63.0,83.0,95.0,98.0
58,Female,153.7,52.5,75.0,82.0,101.0
25,Female,164.4,68.5,82.0,92.0,106.0
28,Male,198.3,81.6,99.0,117.0,
58,Male,170.6,58.3,88.0,84.0,92.0
35,Male,166.5,40.0,68.0,90.0,82.0
27,Female,161.6,79.1,96.0,92.0,107.0
38,Male,169.7,70.5,95.0,,
39,Female,153.8,62.3,77.0,93.0,105.0
31,Male,165.3,64.9,84.0,101.0,94.0
20,Female,165.6,54.3,72.0,91.0,105.0
59,Male,181.4,68.8,89.0,107.0,103.0
21,Female,165.8,67.7,74.0,89.0,102.0
50,Male,172.1,71.9,93.0,107.0,98.0
25,Female,151.2,61.9,75.0,85.0,104.0
33,Female,167.7,60.4,82.0,88.0,101.0
19,Female,158.4,68.0,87.0,85.0,105.0
19,Male,178.7,72.7,101.0,100.0,102.0
50,Male,158.0,51.6,72.0,95.0,86.0
42,Male,186.9,69.2,92.0,110.0,105.0
44,Male,159.0,59.3,78.0,90.0,97.0
19,Male,168.8,82.4,101.0,105.0,107.0
21,Female,153.2,64.2,80.0,90.0,100.0
49,Male,178.2,76.0,92.0,109.0,109.0
62,Male,166.3,59.5,84.0,93.0,98.0
61,Female,158.3,61.0,77.0,,100.0
38,Female,164.4,69.5,85.0,95.0,110.0
56,Female,,53.3,69.0,89.0,101.0
37,Female,169.9,80.0,,97.0,112.0
60,Female,156.4,63.0,88.0,89.0,101.0
28,Female,152.9,75.8,87.0,83.0,104.0
28,Male,177.8,78.7,89.0,111.0,103.0
32,Male,169.9,66.0,88.0,91.0,102.0
28,Male,165.5,71.1,91.0,97.0,107.0
21,Female,170.9,47.8,76.0,80.0,107.0
56,Non-Binary,172.5,74.4,88.0,98.0,106.0
35,Male,184.8,108.5,120.0,114.0,134.0
34,Female,158.8,56.6,78.0,97.0,107.0
25,Male,176.0,72.4,100.0,99.0,103.0
24,Female,157.9,43.1,67.0,73.0,87.0
45,Male,182.3,84.3,107.0,101.0,110.0
38,Male,179.9,64.7,87.0,101.0,99.0
49,Male,171.1,80.8,106.0,105.0,116.0
37,Male,183.6,96.6,110.0,114.0,127.0
40,Female,167.3,71.5,97.0,99.0,111.0
60,Male,183.3,96.2,110.0,116.0,115.0
65,Female,158.8,49.1,,81.0,99.0
25,Female,162.0,59.1,75.0,93.0,97.0
57,Female,165.7,83.9,97.0,97.0,117.0
18,Male,187.4,92.3,112.0,109.0,116.0
39,Female,168.4,60.0,85.0,95.0,102.0
56,Male,180.5,75.6,98.0,103.0,112.0
28,Female,170.2,85.6,96.0,100.0,119.0
64,Male,178.5,67.1,94.0,106.0,98.0
41,Female,165.1,67.1,80.0,87.0,116.0
28,Female,166.6,74.4,86.0,97.0,109.0
24,Male,160.6,58.3,86.0,99.0,90.0
61,Female,165.6,62.0,86.0,88.0,92.0
30,Female,166.0,76.6,,96.0,120.0
31,Female,165.3,71.3,89.0,97.0,107.0
44,Male,165.7,79.8,101.0,118.0,103.0
39,Female,164.2,,78.0,86.0,92.0
65,Female,173.1,74.2,91.0,96.0,112.0
50,Female,155.3,,76.0,84.0,98.0
60,Female,151.7,50.3,74.0,83.0,96.0
31,Male,180.9,71.4,96.0,102.0,103.0
48,Female,169.6,69.7,84.0,96.0,113.0
36,Male,184.7,76.9,96.0,106.0,107.0
43,Female,156.3,63.3,82.0,98.0,100.0
43,Female,169.5,57.2,72.0,88.0,100.0
26,Male,183.3,59.5,87.0,106.0,96.0
49,Female,152.0,56.9,77.0,87.0,96.0
40,Female,168.5,46.9,63.0,82.0,93.0
57,Male,178.9,69.1,91.0,123.0,106.0
30,Male,169.1,65.2,84.0,101.0,97.0
42,Female,151.2,81.1,86.0,96.0,109.0
22,Male,170.7,54.8,75.0,94.0,98.0
64,Female,151.5,48.7,66.0,83.0,103.0
38,Female,152.3,36.8,60.0,75.0,87.0
26,Male,168.8,75.9,95.0,99.0,100.0
48,Female,164.6,49.4,66.0,96.0,95.0
43,Male,188.2,80.7,99.0,116.0,107.0
48,Female,156.4,57.4,78.0,80.0,99.0
59,Male,170.6,88.1,114.0,111.0,115.0
52,Male,172.9,72.6,93.0,115.0,102.0
20,Male,165.0,82.0,99.0,114.0,103.0
27,Male,156.4,62.4,79.0,98.0,91.0
30,Male,,65.8,82.0,99.0,104.0
58,Male,176.8,58.2,86.0,99.0,93.0
65,Male,175.9,53.1,79.0,97.0,96.0
34,Female,153.8,55.6,76.0,84.0,100.0
39,Female,167.4,68.8,82.0,93.0,102.0
62,Male,169.0,82.3,107.0,106.0,102.0
28,Female,170.5,90.2,99.0,100.0,127.0
48,Female,157.1,53.8,67.0,84.0,93.0
30,Male,164.7,62.8,84.0,95.0,91.0
19,Female,159.1,66.2,74.0,81.0,100.0
58,Female,164.7,72.4,84.0,92.0,106.0
44,Male,181.6,72.4,97.0,104.0,101.0
36,Female,156.7,60.6,81.0,81.0,101.0
32,Male,181.7,67.3,88.0,99.0,
43,Male,178.7,70.0,92.0,99.0,111.0
38,Female,165.9,60.0,81.0,89.0,107.0
39,Male,174.2,,102.0,99.0,98.0
57,Male,189.3,58.0,81.0,94.0,103.0
25,Female,167.2,72.5,88.0,93.0,105.0
22,Female,156.2,64.7,81.0,,101.0
47,Female,161.6,64.0,80.0,98.0,102.0
48,Female,152.9,56.3,76.0,86.0,104.0
47,Male,182.5,74.1,99.0,108.0,105.0
53,Female,161.0,69.9,88.0,94.0,116.0
23,Male,172.0,68.9,84.0,110.0,98.0
56,Male,183.7,90.0,109.0,114.0,111.0
65,Male,183.5,88.1,102.0,101.0,112.0
58,Female,163.8,97.7,107.0,100.0,128.0
43,Male,174.1,74.8,87.0,102.0,97.0
51,Non-Binary,167.3,48.3,72.0,94.0,88.0
26,Female,168.4,72.2,77.0,98.0,96.0
27,Female,167.2,49.8,72.0,94.0,103.0
62,Male,175.7,63.0,81.0,91.0,96.0
57,Female,157.1,43.0,66.0,83.0,90.0
32,Male,191.1,104.0,122.0,118.0,127.0
59,Female,163.4,45.1,63.0,83.0,91.0
41,Male,180.9,,89.0,100.0,106.0
55,Male,190.1,78.1,107.0,101.0,115.0
19,Male,175.5,65.9,93.0,106.0,96.0
18,Female,170.0,,80.0,77.0,108.0
59,Non-Binary,166.9,65.8,91.0,102.0,91.0
53,Male,186.1,102.8,118.0,117.0,121.0
64,Male,173.2,80.3,99.0,101.0,107.0
49,Female,,71.6,90.0,80.0,105.0
36,Female,156.8,39.7,59.0,74.0,93.0
55,Male,171.0,83.0,95.0,102.0,107.0
46,Male,179.0,80.9,97.0,99.0,105.0
46,Female,156.9,35.7,60.0,73.0,86.0
61,Female,162.5,68.4,78.0,91.0,113.0
31,Female,154.9,61.1,72.0,93.0,105.0
18,Female,153.7,60.7,78.0,82.0,103.0
44,Female,155.5,54.3,71.0,79.0,100.0
51,Non-Binary,158.9,49.9,76.0,80.0,85.0
18,Non-Binary,166.5,74.9,90.0,98.0,109.0
26,Male,184.2,59.4,82.0,91.0,105.0
43,Female,164.3,53.8,80.0,85.0,96.0
25,Female,165.0,,80.0,94.0,97.0
31,Male,173.0,80.6,96.0,102.0,100.0
64,Female,168.8,71.9,91.0,92.0,110.0
51,Female,163.9,56.6,,91.0,105.0
45,Female,151.2,51.8,66.0,83.0,95.0
54,Female,164.7,46.5,68.0,81.0,93.0
25,Male,167.5,79.0,101.0,,104.0
60,Male,171.9,56.4,81.0,101.0,86.0
55,Male,,61.7,81.0,103.0,98.0
20,Female,151.8,60.3,77.0,,92.0
65,Non-Binary,161.3,,84.0,86.0,104.0
49,Female,147.9,50.2,74.0,87.0,90.0
23,Female,165.7,56.0,72.0,80.0,102.0
34,Female,154.1,52.1,67.0,89.0,92.0
20,Female,155.5,60.9,80.0,,98.0
20,Female,166.4,68.1,80.0,95.0,110.0
63,Male,176.5,66.9,91.0,92.0,99.0
54,Female,167.2,57.6,79.0,93.0,98.0
54,Male,171.3,80.1,97.0,105.0,97.0
63,Female,158.6,70.9,90.0,94.0,105.0
26,Female,165.0,54.4,67.0,87.0,108.0
48,Female,158.5,52.4,,89.0,95.0
47,Male,181.9,70.7,93.0,96.0,99.0
49,Male,175.3,77.0,102.0,88.0,115.0
33,Female,171.8,78.1,95.0,,108.0
22,Female,158.4,65.9,87.0,84.0,111.0
21,Female,165.6,41.6,65.0,72.0,93.0
56,Male,181.3,76.5,94.0,106.0,108.0
27,Female,159.8,72.2,87.0,87.0,105.0
51,Male,169.9,58.0,83.0,96.0,90.0
48,Male,163.6,53.4,73.0,,86.0
38,Female,,42.5,69.0,,95.0
27,Female,170.9,73.0,77.0,90.0,110.0
52,Female,160.3,69.6,87.0,86.0,107.0
61,Female,162.6,61.1,80.0,92.0,103.0
56,Male,179.1,116.4,124.0,119.0,126.0
58,Male,167.8,65.5,89.0,107.0,101.0
63,Male,182.0,64.3,91.0,101.0,99.0
61,Female,165.3,60.4,77.0,95.0,98.0
29,Male,182.1,89.3,108.0,100.0,114.0
23,Female,158.2,62.4,86.0,92.0,101.0
55,Female,155.0,64.0,78.0,85.0,103.0
31,Male,170.4,49.5,71.0,95.0,92.0
57,Male,169.8,70.4,100.0,104.0,105.0
64,Male,178.2,85.1,90.0,106.0,116.0
27,Male,176.2,79.9,100.0,88.0,103.0
19,Male,169.0,,92.0,105.0,98.0
41,Male,172.4,76.9,86.0,102.0,109.0
55,Male,164.2,47.7,78.0,93.0,89.0
43,Female,170.5,55.0,76.0,94.0,106.0
52,Female,159.3,66.6,84.0,91.0,109.0
35,Female,154.9,67.0,79.0,97.0,99.0
38,Male,172.0,35.3,65.0,76.0,82.0
51,Male,171.5,69.9,89.0,100.0,105.0
63,Female,155.4,69.7,81.0,85.0,105.0
60,Female,165.2,60.5,79.0,97.0,105.0
58,Female,159.3,65.8,90.0,89.0,104.0
27,Male,171.5,48.3,78.0,94.0,86.0
36,Male,174.1,72.7,96.0,101.0,104.0
52,Female,164.9,88.1,101.0,97.0,114.0
57,Female,156.9,70.5,83.0,98.0,103.0
50,Female,166.1,63.8,76.0,82.0,104.0
20,Male,185.2,77.4,98.0,109.0,107.0
24,Female,159.9,53.3,78.0,84.0,100.0
28,Female,155.9,47.6,65.0,81.0,89.0
55,Male,176.2,68.1,92.0,102.0,101.0
18,Male,171.9,75.5,96.0,115.0,106.0
41,Female,151.4,43.1,61.0,88.0,85.0
26,Female,167.8,,85.0,90.0,110.0
20,Female,,73.2,89.0,96.0,114.0
51,Female,174.7,72.0,93.0,109.0,107.0
27,Male,184.5,93.8,103.0,111.0,120.0
30,Female,161.6,50.1,64.0,91.0,95.0
51,Female,168.2,71.2,87.0,88.0,108.0
40,Female,167.0,70.3,86.0,93.0,113.0
19,Female,151.3,58.1,78.0,86.0,103.0
21,Female,156.2,48.5,69.0,79.0,88.0
39,Female,167.8,66.8,84.0,85.0,111.0
44,Male,174.1,93.8,106.0,112.0,126.0
57,Non-Binary,166.1,74.0,88.0,99.0,103.0
45,Male,183.8,80.6,97.0,113.0,103.0
33,Male,173.1,70.9,90.0,99.0,107.0
22,Male,174.1,89.1,103.0,106.0,114.0
45,Male,172.2,83.5,104.0,114.0,108.0
41,Female,157.5,66.5,82.0,93.0,105.0
59,Male,167.7,68.2,83.0,,102.0
62,Male,179.5,84.8,101.0,91.0,115.0
30,Male,186.2,89.8,106.0,119.0,116.0
61,Male,185.0,76.8,107.0,126.0,115.0
65,Male,182.5,102.1,117.0,118.0,124.0
22,Female,155.8,58.9,78.0,85.0,103.0
26,Female,159.8,59.2,77.0,83.0,99.0
52,Male,173.4,75.0,93.0,96.0,100.0
19,Male,177.7,56.4,82.0,,103.0
35,Female,155.1,69.1,87.0,83.0,110.0
27,Male,173.2,81.9,97.0,101.0,113.0
63,Female,160.3,61.7,83.0,80.0,104.0
52,Female,167.6,71.2,87.0,95.0,102.0
57,Male,176.5,56.0,81.0,98.0,91.0
51,Male,179.4,92.6,115.0,114.0,111.0
42,Male,175.7,55.9,84.0,92.0,99.0
64,Male,169.6,46.2,73.0,86.0,83.0
28,Female,155.0,39.6,57.0,76.0,89.0
25,Female,157.9,61.1,85.0,93.0,98.0
33,Male,177.4,66.4,86.0,97.0,103.0
43,Male,167.7,79.8,100.0,112.0,104.0
27,Non-Binary,170.9,75.7,90.0,104.0,110.0
64,Female,162.1,44.8,66.0,85.0,95.0
42,Female,158.3,60.6,85.0,92.0,96.0
23,Female,165.8,51.8,76.0,82.0,108.0
45,Female,160.0,49.7,66.0,83.0,96.0
23,Female,162.4,70.3,86.0,98.0,97.0
42,Male,173.8,67.9,97.0,105.0,100.0
48,Male,176.2,71.3,96.0,103.0,103.0
52,Female,156.5,59.7,77.0,85.0,100.0
37,Male,179.8,63.7,85.0,108.0,95.0
36,Female,151.3,71.4,81.0,92.0,105.0
29,Female,163.2,65.9,80.0,89.0,111.0
60,Female,151.9,64.8,82.0,92.0,107.0
49,Male,180.8,55.2,83.0,100.0,95.0
27,Female,164.7,61.6,82.0,79.0,105.0
27,Male,178.9,51.3,80.0,90.0,85.0
19,Female,155.0,48.7,77.0,87.0,95.0
44,Male,177.2,112.2,125.0,125.0,124.0
62,Non-Binary,173.4,77.2,87.0,94.0,103.0
20,Female,169.2,80.5,96.0,98.0,117.0
42,Male,181.8,100.3,113.0,109.0,123.0
33,Female,162.2,55.5,72.0,82.0,
48,Female,153.7,67.7,82.0,85.0,101.0
59,Male,176.3,75.9,106.0,99.0,102.0
42,Female,153.5,58.0,71.0,96.0,109.0
19,Female,161.8,56.6,76.0,89.0,103.0
38,Male,172.6,79.1,94.0,,102.0
27,Male,159.4,74.6,82.0,98.0,101.0
53,Non-Binary,149.5,46.5,68.0,83.0,83.0
37,Male,165.2,59.5,87.0,85.0,87.0
23,Female,173.8,61.5,75.0,99.0,100.0
62,Female,163.8,56.9,77.0,84.0,104.0
59,Male,177.0,63.0,84.0,103.0,99.0
40,Female,165.6,62.0,78.0,90.0,106.0
46,Female,160.4,60.0,70.0,84.0,100.0
31,Male,184.9,84.7,104.0,110.0,113.0
61,Female,157.4,64.4,71.0,96.0,
44,Male,184.9,91.5,100.0,114.0,117.0
37,Female,,79.9,91.0,89.0,114.0
46,Female,162.3,69.1,87.0,89.0,112.0
28,Non-Binary,182.5,61.8,83.0,98.0,96.0
60,Female,167.8,79.3,92.0,101.0,114.0
58,Female,166.4,57.9,77.0,83.0,105.0
18,Female,152.4,42.2,70.0,70.0,83.0
29,Female,165.2,57.4,77.0,,104.0
57,Male,178.6,61.1,90.0,99.0,91.0
38,Female,166.3,67.7,85.0,97.0,114.0
60,Female,,35.1,62.0,77.0,90.0
56,Male,179.6,64.2,91.0,100.0,106.0
22,Male,176.0,62.6,90.0,95.0,99.0
26,Female,155.0,53.4,75.0,74.0,96.0
65,Male,173.6,73.3,91.0,96.0,100.0
54,Male,181.3,90.5,112.0,109.0,114.0
45,Male,171.7,63.0,84.0,102.0,91.0
27,Male,174.3,67.1,91.0,105.0,94.0
49,Female,159.3,58.0,78.0,,102.0
65,Male,176.6,68.7,87.0,109.0,101.0
53,Female,157.9,54.9,75.0,77.0,99.0
28,Male,177.6,54.1,70.0,87.0,95.0
44,Female,162.1,58.4,72.0,90.0,96.0
34,Female,171.9,69.5,,90.0,114.0
46,Female,166.1,38.8,69.0,86.0,92.0
26,Female,165.6,47.4,59.0,86.0,101.0
30,Male,176.3,86.5,105.0,106.0,111.0
40,Female,159.1,59.3,78.0,83.0,97.0
37,Female,167.6,73.0,84.0,98.0,107.0
32,Female,163.4,91.8,99.0,97.0,
51,Male,179.1,83.4,100.0,101.0,113.0
33,Female,148.8,33.4,63.0,78.0,
54,Female,147.8,34.6,55.0,78.0,89.0
24,Female,161.6,71.2,84.0,93.0,111.0
44,Male,170.8,86.4,102.0,113.0,109.0
62,Female,164.5,62.4,79.0,92.0,114.0
60,Male,178.2,78.7,100.0,92.0,107.0
48,Male,174.0,88.4,102.0,113.0,111.0
63,Male,187.8,101.8,110.0,118.0,131.0
61,Male,167.3,56.2,84.0,89.0,95.0
39,Non-Binary,179.6,71.5,86.0,90.0,104.0
60,Male,173.4,68.8,88.0,105.0,102.0
36,Female,156.4,65.6,88.0,80.0,108.0
22,Female,176.3,72.8,85.0,90.0,121.0
25,Male,180.8,86.9,102.0,106.0,113.0
47,Female,163.6,46.3,69.0,95.0,94.0
51,Female,163.6,52.0,70.0,78.0,101.0
40,Female,173.2,75.8,94.0,93.0,115.0
36,Male,173.9,59.9,76.0,99.0,91.0
49,Female,158.1,,84.0,90.0,100.0
56,Female,154.5,52.2,70.0,87.0,112.0
21,Female,162.8,68.9,87.0,80.0,99.0
35,Male,188.1,84.0,105.0,110.0,
35,Female,162.7,58.4,78.0,83.0,106.0
64,Female,161.9,70.7,83.0,92.0,104.0
33,Male,172.6,70.7,92.0,102.0,103.0
26,Female,161.3,43.8,70.0,83.0,93.0
32,Male,172.9,50.9,80.0,104.0,88.0
54,Male,174.1,66.6,93.0,95.0,92.0
43,Female,161.1,55.7,73.0,87.0,100.0
55,Female,168.8,73.9,86.0,98.0,103.0
43,Female,154.4,50.8,69.0,75.0,93.0
20,Female,162.3,68.4,85.0,84.0,106.0
36,Female,152.9,43.5,71.0,80.0,98.0
29,Female,169.6,80.0,89.0,101.0,122.0
25,Female,170.2,63.6,82.0,90.0,98.0
25,Female,167.5,55.6,80.0,93.0,100.0
22,Female,156.9,59.5,82.0,,95.0
57,Female,159.1,70.3,81.0,85.0,104.0
46,Female,154.8,54.2,68.0,84.0,89.0
55,Male,172.3,84.9,105.0,102.0,113.0
38,Female,162.1,54.0,71.0,82.0,106.0
34,Male,178.8,75.8,91.0,103.0,113.0
21,Male,184.3,69.6,84.0,102.0,107.0
19,Male,178.7,66.7,91.0,101.0,105.0
40,Female,157.7,61.5,,87.0,101.0
35,Male,165.0,59.7,88.0,101.0,93.0
41,Male,184.9,77.5,95.0,111.0,109.0
61,Male,164.2,49.2,71.0,85.0,87.0
57,Female,163.7,62.4,82.0,,106.0
65,Non-Binary,177.1,95.0,104.0,113.0,112.0
24,Male,168.2,77.9,96.0,102.0,104.0
58,Male,181.9,90.3,99.0,119.0,
55,Female,154.0,51.4,68.0,88.0,97.0
43,Male,169.5,64.7,87.0,95.0,102.0
54,Male,,99.4,104.0,117.0,119.0
62,Male,185.7,102.6,119.0,114.0,125.0
25,Female,157.3,48.0,71.0,78.0,90.0
39,Female,169.4,65.1,81.0,91.0,116.0
60,Male,165.6,75.1,94.0,108.0,99.0
24,Female,162.1,69.2,79.0,88.0,110.0
60,Male,165.0,63.0,87.0,96.0,98.0
27,Male,166.6,86.9,105.0,105.0,113.0
34,Non-Binary,172.4,76.3,95.0,93.0,
45,Female,161.6,,81.0,91.0,101.0
47,Female,166.3,55.9,69.0,86.0,105.0
44,Female,169.5,81.8,93.0,93.0,116.0
53,Female,167.8,58.0,82.0,80.0,99.0
32,Male,171.2,80.2,97.0,109.0,106.0
34,Female,163.1,65.3,86.0,97.0,110.0
29,Female,154.0,73.7,88.0,94.0,
29,Female,151.7,47.7,70.0,89.0,92.0
61,Non-Binary,167.8,65.9,81.0,86.0,97.0
21,Female,169.8,81.8,87.0,99.0,119.0
19,Female,168.4,70.3,83.0,90.0,114.0
24,Female,156.7,57.7,75.0,91.0,95.0
18,Female,172.9,68.1,87.0,94.0,104.0
47,Female,164.9,62.3,75.0,91.0,104.0
20,Female,160.0,77.0,88.0,94.0,115.0
44,Male,179.2,61.6,91.0,100.0,100.0
23,Male,158.5,78.2,102.0,96.0,103.0
58,Male,184.3,95.1,119.0,115.0,128.0
27,Female,157.1,60.8,82.0,94.0,100.0
46,Female,157.8,69.7,81.0,91.0,101.0
58,Female,163.5,63.5,81.0,90.0,99.0
22,Female,158.5,48.9,74.0,80.0,94.0
38,Female,169.0,66.4,87.0,88.0,99.0
52,Female,161.4,59.7,76.0,83.0,110.0
22,Female,,79.6,91.0,97.0,121.0
58,Male,176.3,88.0,109.0,106.0,109.0
60,Male,170.5,36.3,73.0,88.0,80.0
54,Male,170.9,91.0,114.0,106.0,110.0
32,Female,160.1,71.7,81.0,92.0,116.0
34,Female,155.5,56.6,75.0,88.0,102.0
42,Male,176.9,59.3,87.0,91.0,94.0
28,Male,168.9,69.3,84.0,98.0,101.0
58,Female,161.8,62.1,,87.0,98.0
35,Male,174.9,78.4,90.0,109.0,109.0
23,Female,166.3,40.0,66.0,,89.0
48,Female,176.0,94.8,110.0,114.0,132.0
43,Male,172.2,55.7,76.0,95.0,95.0
62,Male,,62.2,85.0,99.0,92.0
30,Male,186.2,95.6,106.0,114.0,120.0
40,Female,173.1,65.8,81.0,92.0,108.0
56,Female,157.9,47.2,65.0,82.0,94.0
25,Female,164.5,77.9,91.0,94.0,113.0
40,Female,155.3,63.9,80.0,91.0,103.0
44,Female,164.3,65.1,73.0,82.0,114.0
60,Female,164.3,68.3,89.0,96.0,112.0
58,Female,164.2,71.2,83.0,92.0,109.0
33,Female,170.7,77.0,94.0,96.0,120.0
61,Male,175.0,80.7,90.0,109.0,109.0
34,Male,178.1,94.1,106.0,106.0,120.0
36,Female,164.6,72.1,85.0,95.0,109.0
51,Male,163.0,61.6,85.0,101.0,94.0
47,Female,163.5,70.6,89.0,91.0,107.0
29,Female,158.2,60.0,72.0,86.0,96.0
56,Female,160.5,,87.0,93.0,110.0
47,Male,168.2,60.1,92.0,98.0,100.0
26,Male,164.7,63.9,83.0,98.0,97.0
57,Male,180.6,73.7,100.0,108.0,110.0
43,Female,164.5,70.9,90.0,87.0,115.0
32,Male,174.6,83.3,108.0,115.0,108.0
30,Male,186.0,82.6,105.0,98.0,108.0
35,Female,160.8,63.1,86.0,92.0,104.0
30,Male,165.5,64.2,82.0,104.0,103.0
40,Female,159.6,57.9,,89.0,97.0
64,Female,160.7,69.0,79.0,89.0,115.0
42,Male,174.3,88.7,107.0,109.0,105.0
27,Male,168.8,53.7,83.0,95.0,85.0
45,Female,166.8,64.6,86.0,92.0,110.0
50,Male,172.8,60.3,74.0,92.0,97.0
32,Male,166.3,67.2,87.0,107.0,99.0
56,Female,160.4,82.8,96.0,103.0,110.0
23,Female,162.1,49.2,77.0,82.0,93.0
21,Male,174.0,101.8,117.0,117.0,119.0
30,Male,170.9,77.7,98.0,103.0,
50,Male,179.8,64.2,79.0,102.0,104.0
58,Male,191.1,,123.0,126.0,137.0
27,Female,161.5,62.4,73.0,93.0,104.0
39,Female,161.2,47.7,67.0,85.0,97.0
42,Male,162.5,59.8,76.0,,93.0
21,Female,163.4,54.9,72.0,82.0,92.0
34,Female,154.6,,84.0,88.0,110.0
39,Female,165.1,79.9,94.0,95.0,127.0
45,Non-Binary,164.7,62.6,77.0,87.0,99.0
52,Male,180.3,,,103.0,110.0
28,Male,188.5,46.5,82.0,91.0,90.0
61,Female,174.1,70.0,84.0,94.0,103.0
51,Female,176.8,55.3,81.0,86.0,103.0
27,Female,156.4,56.3,,81.0,98.0
65,Male,176.8,85.9,102.0,114.0,110.0
29,Male,173.9,68.4,91.0,95.0,105.0
30,Female,161.7,73.9,92.0,95.0,113.0
44,Female,161.0,55.6,69.0,81.0,99.0
32,Male,176.0,73.5,93.0,106.0,106.0
19,Male,177.1,92.9,107.0,110.0,111.0
56,Female,163.9,70.6,77.0,88.0,105.0
27,Female,159.9,74.5,89.0,93.0,106.0
43,Female,156.4,76.2,86.0,100.0,110.0
61,Male,,68.1,86.0,107.0,112.0
25,Male,172.0,54.6,83.0,94.0,87.0
27,Female,164.5,52.8,,102.0,104.0
40,Female,160.7,70.3,86.0,87.0,109.0
30,Male,,78.8,95.0,98.0,110.0
60,Male,178.8,98.5,109.0,120.0,117.0
62,Female,169.5,54.9,67.0,85.0,107.0
62,Male,176.0,60.5,84.0,103.0,89.0
23,Female,161.9,44.0,67.0,75.0,86.0
54,Male,172.6,81.2,104.0,107.0,104.0
25,Female,167.7,68.2,81.0,90.0,108.0
32,Female,154.0,39.3,64.0,81.0,87.0
21,Male,170.7,84.6,109.0,107.0,111.0
35,Female,157.6,54.6,72.0,96.0,99.0
65,Female,158.8,67.0,80.0,,106.0
54,Female,155.8,56.5,79.0,83.0,95.0
28,Female,,74.3,84.0,97.0,115.0
21,Male,166.5,67.3,92.0,100.0,101.0
45,Male,165.9,74.7,93.0,107.0,100.0
25,Female,161.0,53.0,68.0,87.0,94.0
58,Male,171.3,82.3,99.0,107.0,106.0
19,Male,181.9,54.8,78.0,105.0,91.0
53,Female,161.4,40.8,62.0,82.0,92.0
48,Male,167.1,52.4,85.0,91.0,88.0
32,Male,166.9,53.5,83.0,108.0,92.0
58,Female,165.2,81.1,93.0,101.0,
57,Female,162.6,78.3,85.0,93.0,117.0
63,Female,160.6,50.2,73.0,89.0,104.0
23,Female,155.6,60.7,80.0,88.0,106.0
29,Female,160.9,68.2,78.0,92.0,109.0
23,Female,151.0,43.0,63.0,82.0,
33,Female,173.0,73.2,89.0,94.0,117.0
57,Female,156.8,50.7,69.0,84.0,94.0
60,Male,171.5,61.9,87.0,96.0,99.0
22,Female,162.9,63.6,75.0,94.0,101.0
62,Female,165.3,64.8,84.0,89.0,99.0
23,Male,183.1,107.9,118.0,119.0,130.0
23,Female,152.5,49.4,72.0,83.0,83.0
23,Female,149.9,34.1,58.0,81.0,77.0
56,Female,155.0,62.6,78.0,84.0,109.0
24,Female,157.7,40.8,,81.0,89.0
31,Male,180.1,75.3,103.0,104.0,109.0
27,Male,176.5,72.8,100.0,107.0,104.0
48,Male,169.0,88.4,110.0,106.0,114.0
58,Female,166.3,58.7,80.0,87.0,102.0
54,Male,176.9,67.1,97.0,95.0,97.0
23,Female,169.5,64.8,81.0,92.0,113.0
51,Male,181.5,66.5,91.0,102.0,101.0
20,Male,174.5,60.9,91.0,108.0,98.0
21,Male,177.5,82.9,105.0,111.0,115.0
54,Female,157.2,64.7,85.0,81.0,113.0
43,Female,159.4,55.8,75.0,88.0,88.0
38,Female,157.6,46.4,72.0,81.0,81.0
62,Female,162.9,57.7,81.0,91.0,94.0
42,Female,165.6,83.3,96.0,95.0,120.0
56,Male,165.7,67.7,85.0,107.0,97.0
19,Male,,78.0,,112.0,105.0
25,Female,159.4,57.7,75.0,87.0,108.0
59,Female,162.8,64.0,76.0,99.0,104.0
49,Male,179.2,80.4,93.0,109.0,109.0
65,Male,180.3,73.3,99.0,111.0,104.0
24,Male,162.6,57.0,83.0,93.0,88.0
53,Female,157.4,73.8,88.0,98.0,106.0
48,Male,177.3,73.1,98.0,100.0,110.0
26,Male,162.7,72.6,91.0,106.0,96.0
48,Male,170.4,96.0,116.0,102.0,118.0
42,Male,173.6,77.7,95.0,109.0,101.0
19,Male,175.2,62.7,91.0,101.0,95.0
20,Non-Binary,179.3,73.2,89.0,95.0,109.0
19,Female,159.7,60.3,78.0,91.0,95.0
22,Male,,78.3,95.0,108.0,114.0
53,Male,165.6,59.5,,101.0,93.0
27,Female,168.3,76.1,93.0,93.0,114.0
52,Male,178.7,67.9,89.0,99.0,102.0
49,Male,175.6,76.0,98.0,102.0,99.0
31,Male,164.7,81.5,96.0,106.0,109.0
52,Male,161.8,75.5,97.0,95.0,93.0
20,Male,178.0,64.2,92.0,95.0,98.0
56,Female,162.5,70.1,91.0,86.0,111.0
20,Male,172.5,60.2,78.0,95.0,96.0
39,Female,165.9,76.9,93.0,85.0,114.0
61,Male,167.9,60.3,84.0,93.0,92.0
63,Male,181.1,90.8,104.0,100.0,120.0
51,Female,162.6,47.3,71.0,86.0,94.0
63,Male,173.2,91.6,,110.0,111.0
35,Female,161.4,69.0,,85.0,99.0
29,Female,170.1,79.4,89.0,101.0,115.0
23,Male,168.2,69.3,96.0,103.0,98.0
19,Male,191.8,80.5,96.0,107.0,111.0
54,Male,178.7,74.8,98.0,115.0,101.0
51,Female,162.0,49.3,,84.0,99.0
39,Female,159.7,44.0,65.0,86.0,
38,Female,165.3,72.7,90.0,79.0,101.0
46,Male,169.0,52.7,77.0,94.0,87.0
57,Female,159.3,70.7,83.0,85.0,106.0
30,Male,175.1,83.5,95.0,102.0,110.0
57,Male,178.5,70.5,94.0,101.0,105.0
48,Male,174.1,68.1,89.0,94.0,96.0
26,Female,165.7,60.9,79.0,87.0,
50,Female,170.5,64.3,83.0,90.0,104.0
47,Male,188.1,79.5,103.0,116.0,113.0
23,Male,168.3,83.7,106.0,107.0,109.0
32,Female,153.5,59.3,89.0,91.0,96.0
61,Female,151.4,45.2,62.0,77.0,91.0
59,Female,167.8,63.6,78.0,89.0,112.0
25,Male,181.9,52.6,81.0,103.0,96.0
44,Male,185.0,98.2,114.0,117.0,
45,Male,162.3,64.1,92.0,89.0,96.0
36,Male,181.6,96.3,98.0,116.0,116.0
32,Male,172.8,96.0,106.0,114.0,116.0
48,Male,183.1,94.0,113.0,113.0,113.0
29,Female,169.4,71.7,97.0,92.0,116.0
29,Male,183.0,71.4,93.0,110.0,105.0
53,Female,171.8,,83.0,92.0,103.0
21,Female,,55.6,73.0,92.0,102.0
23,Male,172.2,67.2,90.0,102.0,97.0
34,Male,171.0,80.1,99.0,107.0,111.0
37,Female,166.2,91.6,106.0,101.0,127.0
53,Female,,56.7,74.0,92.0,99.0
48,Female,150.7,63.6,80.0,83.0,109.0
60,Male,170.3,58.0,77.0,104.0,90.0
20,Female,176.7,72.2,93.0,84.0,112.0
50,Female,164.8,59.9,78.0,81.0,103.0
51,Male,184.3,95.6,115.0,108.0,118.0
30,Male,181.4,80.3,102.0,107.0,101.0
33,Female,167.4,59.7,80.0,76.0,105.0
42,Male,180.2,74.1,94.0,105.0,105.0
31,Female,164.2,43.0,69.0,83.0,92.0
34,Male,166.3,81.8,99.0,111.0,106.0
58,Female,159.9,77.0,91.0,96.0,121.0
51,Male,185.0,75.3,98.0,103.0,102.0
30,Non-Binary,165.3,54.3,82.0,89.0,92.0
28,Female,172.2,43.0,69.0,93.0,93.0
41,Male,171.1,56.2,78.0,91.0,99.0
65,Male,172.7,62.0,82.0,88.0,98.0
54,Female,163.2,70.2,80.0,105.0,109.0
26,Male,,50.9,76.0,87.0,99.0
51,Non-Binary,169.0,61.2,95.0,88.0,93.0
48,Male,173.5,82.1,104.0,104.0,110.0
19,Male,188.4,87.3,107.0,118.0,117.0
47,Male,178.8,87.9,106.0,106.0,113.0
40,Male,181.5,52.4,81.0,103.0,102.0
47,Female,163.9,76.2,89.0,93.0,114.0
63,Male,175.7,76.2,100.0,96.0,108.0
56,Male,176.9,,101.0,107.0,
45,Male,175.2,62.5,90.0,109.0,99.0
43,Male,178.7,72.9,98.0,91.0,100.0
28,Male,184.1,77.9,94.0,110.0,104.0
18,Male,171.0,77.6,94.0,102.0,99.0
29,Male,172.8,68.1,89.0,101.0,96.0
51,Male,165.8,74.7,90.0,104.0,102.0
47,Female,160.4,89.0,101.0,91.0,
27,Male,168.6,52.7,79.0,97.0,90.0
48,Female,166.2,59.2,80.0,89.0,104.0
51,Male,182.8,73.6,93.0,102.0,104.0
47,Female,168.7,60.3,81.0,92.0,96.0
22,Female,158.4,47.8,69.0,84.0,100.0
54,Female,161.5,58.8,73.0,81.0,96.0
18,Male,167.5,77.0,98.0,101.0,105.0
43,Male,173.8,80.5,105.0,110.0,
61,Female,167.2,81.5,97.0,100.0,121.0
37,Male,176.8,81.6,100.0,111.0,106.0
44,Female,167.8,79.3,96.0,104.0,118.0
25,Female,156.9,55.2,71.0,87.0,98.0
51,Female,166.7,31.2,54.0,69.0,88.0
22,Female,166.4,70.4,84.0,94.0,99.0
64,Male,177.4,56.0,80.0,98.0,95.0
54,Male,176.9,84.3,101.0,113.0,114.0
28,Male,178.3,80.2,111.0,96.0,108.0
58,Female,161.8,49.9,72.0,92.0,94.0
30,Male,179.7,72.9,98.0,104.0,
52,Female,180.3,72.7,,99.0,113.0
51,Male,172.9,71.0,90.0,101.0,103.0
46,Female,160.9,52.4,74.0,75.0,101.0
38,Female,163.3,46.1,69.0,82.0,90.0
57,Non-Binary,157.4,66.8,86.0,97.0,88.0
57,Male,170.0,77.3,98.0,90.0,108.0
55,Male,165.2,64.7,83.0,101.0,95.0
21,Male,172.2,60.1,81.0,93.0,96.0
33,Male,185.1,66.6,86.0,95.0,103.0
41,Male,173.3,70.7,91.0,98.0,100.0
47,Male,173.6,69.8,95.0,100.0,99.0
30,Female,154.1,60.5,78.0,78.0,110.0
18,Female,158.7,59.9,85.0,92.0,99.0
25,Female,165.2,79.6,100.0,104.0,112.0
33,Male,171.6,61.6,88.0,85.0,97.0
35,Female,157.4,57.3,81.0,94.0,105.0
57,Male,172.8,52.2,78.0,86.0,88.0
56,Female,166.2,55.2,72.0,91.0,109.0
39,Female,154.6,67.0,80.0,91.0,113.0
47,Female,164.3,68.6,80.0,83.0,
57,Female,164.3,67.1,,94.0,108.0
56,Female,157.0,58.9,77.0,89.0,107.0
47,Female,155.0,39.5,61.0,88.0,83.0
32,Male,181.4,113.0,125.0,112.0,130.0
50,Female,152.4,45.1,67.0,75.0,92.0
49,Female,168.5,75.4,93.0,99.0,109.0
47,Female,168.5,64.6,88.0,90.0,103.0
65,Female,170.0,70.9,81.0,87.0,102.0
54,Female,157.5,63.1,79.0,82.0,98.0
60,Female,159.4,64.7,78.0,90.0,105.0
33,Male,180.3,,95.0,104.0,107.0
52,Male,182.0,81.6,107.0,102.0,113.0
37,Male,164.9,41.7,79.0,86.0,84.0
64,Female,154.5,60.1,79.0,81.0,102.0
64,Female,160.5,59.3,76.0,83.0,97.0
21,Male,,77.7,98.0,114.0,98.0
41,Female,155.1,53.6,72.0,88.0,100.0
48,Female,167.3,80.3,93.0,98.0,112.0
19,Female,160.5,64.7,77.0,89.0,107.0
47,Male,186.6,108.7,110.0,,132.0
25,Male,187.9,56.3,84.0,94.0,95.0
23,Female,153.1,55.7,73.0,78.0,92.0
41,Female,167.5,70.5,83.0,94.0,108.0
56,Female,160.5,52.3,76.0,81.0,103.0
21,Male,176.9,91.4,108.0,101.0,113.0
45,Female,163.3,61.6,75.0,89.0,102.0
52,Male,179.2,79.0,96.0,99.0,108.0
44,Female,161.8,53.2,76.0,80.0,93.0
62,Male,170.7,64.8,93.0,97.0,95.0
44,Male,186.7,79.3,91.0,112.0,
23,Female,162.8,57.4,71.0,,106.0
28,Male,174.1,71.1,94.0,100.0,100.0
40,Male,,65.4,86.0,100.0,105.0
61,Male,177.2,58.5,90.0,97.0,98.0
65,Female,159.6,65.4,82.0,91.0,109.0
50,Female,165.9,75.9,104.0,94.0,113.0
30,Female,164.2,75.0,90.0,98.0,111.0
22,Male,185.6,,83.0,97.0,104.0
28,Female,165.8,66.7,86.0,99.0,108.0
41,Female,168.3,74.5,92.0,88.0,110.0
20,Female,163.6,60.4,78.0,91.0,107.0
56,Male,182.6,78.6,95.0,117.0,105.0
58,Female,164.5,58.3,78.0,85.0,90.0
40,Male,169.8,84.5,103.0,99.0,112.0
46,Male,176.9,76.8,97.0,95.0,105.0
57,Female,156.0,66.5,83.0,92.0,99.0
23,Female,156.7,52.9,81.0,85.0,93.0
28,Male,176.5,72.9,93.0,100.0,102.0
44,Female,169.5,70.8,91.0,96.0,100.0
50,Male,182.0,91.0,109.0,112.0,111.0
40,Female,161.1,74.8,86.0,98.0,109.0
54,Male,159.1,54.6,74.0,95.0,95.0
54,Male,164.8,63.6,81.0,90.0,97.0
40,Male,175.8,68.9,92.0,101.0,96.0
45,Female,159.1,57.8,,94.0,92.0
36,Female,154.1,45.5,70.0,82.0,89.0
43,Male,167.9,63.8,82.0,99.0,96.0
19,Female,163.8,63.2,77.0,85.0,106.0
31,Male,177.2,79.1,96.0,106.0,109.0
59,Male,183.8,90.9,116.0,107.0,114.0
36,Male,184.2,74.2,94.0,101.0,106.0
51,Male,172.9,44.3,65.0,78.0,87.0
36,Male,171.8,73.0,92.0,109.0,98.0
54,Male,180.3,73.7,99.0,84.0,103.0
50,Female,167.5,110.0,120.0,104.0,136.0
46,Male,167.6,58.2,79.0,92.0,89.0
41,Male,176.4,80.9,92.0,110.0,100.0
55,Female,168.5,34.1,61.0,74.0,87.0
26,Female,166.0,81.4,88.0,96.0,114.0
25,Female,159.2,66.9,81.0,81.0,103.0
25,Male,167.3,66.5,82.0,99.0,91.0
32,Female,152.1,44.4,63.0,80.0,96.0
23,Female,162.6,53.7,70.0,95.0,93.0
48,Male,176.9,,111.0,117.0,110.0
50,Male,,98.6,109.0,116.0,115.0
38,Male,,66.1,88.0,100.0,100.0
50,Male,164.2,66.6,82.0,96.0,98.0
54,Male,171.7,60.6,82.0,101.0,93.0
23,Female,151.9,39.2,60.0,85.0,81.0
25,Female,158.4,,80.0,91.0,100.0
59,Female,153.7,48.2,82.0,79.0,94.0
50,Female,165.4,73.2,92.0,83.0,106.0
54,Male,164.9,68.3,88.0,100.0,99.0
46,Female,162.0,62.3,77.0,86.0,
57,Male,172.8,64.4,91.0,99.0,101.0
44,Male,169.4,75.1,99.0,105.0,96.0
59,Female,156.7,60.9,77.0,87.0,98.0
46,Female,158.2,50.4,69.0,91.0,100.0
61,Male,173.6,79.9,93.0,,110.0
46,Male,180.5,66.5,92.0,97.0,96.0
54,Female,159.4,60.2,78.0,89.0,96.0
19,Male,171.5,58.3,84.0,95.0,
20,Female,162.9,48.2,68.0,76.0,92.0
22,Female,153.7,51.5,75.0,83.0,101.0
37,Female,163.0,65.1,74.0,91.0,109.0
47,Female,162.5,73.6,93.0,98.0,110.0
43,Male,176.1,86.3,112.0,115.0,115.0
53,Female,159.8,66.0,79.0,95.0,109.0
50,Male,171.2,47.9,77.0,86.0,84.0
43,Female,157.9,68.7,84.0,92.0,109.0
44,Female,167.2,78.1,94.0,97.0,123.0
27,Male,180.8,85.1,100.0,114.0,110.0
47,Female,162.1,49.3,71.0,90.0,97.0
43,Male,167.1,50.1,74.0,98.0,92.0
63,Female,158.4,74.9,89.0,82.0,105.0
23,Male,185.2,98.7,112.0,108.0,125.0
42,Male,176.1,77.9,99.0,102.0,102.0
37,Female,164.3,63.2,79.0,86.0,114.0
37,Female,155.2,45.8,64.0,87.0,96.0
48,Female,,73.0,85.0,92.0,118.0
37,Male,175.7,70.5,92.0,103.0,104.0
18,Female,173.7,47.1,73.0,75.0,98.0
59,Female,155.1,72.2,87.0,97.0,99.0
23,Female,166.0,62.4,81.0,93.0,103.0
44,Female,171.1,64.6,87.0,96.0,98.0
60,Female,157.3,48.9,64.0,89.0,89.0
48,Male,166.2,77.5,96.0,102.0,108.0
33,Female,174.0,69.1,84.0,94.0,106.0
21,Male,170.3,,72.0,86.0,89.0
42,Non-Binary,166.2,71.5,84.0,96.0,101.0
54,Male,181.3,93.4,105.0,103.0,119.0
60,Male,161.8,70.6,93.0,103.0,96.0
18,Female,164.5,51.5,77.0,83.0,
20,Female,159.6,50.6,67.0,81.0,92.0
45,Male,184.8,78.8,102.0,118.0,111.0
24,Male,169.8,82.2,96.0,99.0,105.0
46,Male,176.7,63.8,84.0,93.0,93.0
39,Female,,73.9,81.0,98.0,119.0
54,Female,162.3,49.7,70.0,77.0,98.0
62,Female,159.4,58.4,78.0,89.0,96.0
22,Male,179.1,,110.0,120.0,117.0
47,Female,140.5,48.3,73.0,77.0,88.0
42,Female,156.9,55.0,,78.0,98.0
21,Female,161.3,64.5,79.0,99.0,105.0
57,Female,160.4,56.9,72.0,82.0,91.0
61,Female,161.0,66.6,89.0,82.0,115.0
33,Female,163.2,71.8,86.0,102.0,116.0
28,Female,150.0,43.4,67.0,89.0,95.0
24,Male,175.0,81.8,102.0,113.0,113.0
48,Female,164.8,51.6,71.0,83.0,95.0
22,Male,163.0,59.1,84.0,96.0,92.0
28,Female,163.3,77.7,99.0,89.0,123.0
64,Male,177.7,92.8,106.0,103.0,112.0
59,Female,165.4,69.9,91.0,90.0,109.0
38,Female,172.2,67.8,83.0,93.0,101.0
21,Male,171.6,60.1,78.0,112.0,91.0
18,Male,174.9,54.9,80.0,91.0,88.0
49,Male,168.3,78.8,94.0,,103.0
54,Male,193.9,87.5,110.0,116.0,113.0
58,Female,151.1,53.5,70.0,82.0,91.0
50,Female,162.1,58.8,83.0,81.0,105.0
62,Female,159.3,52.5,73.0,87.0,95.0
24,Female,160.2,70.6,91.0,95.0,106.0
49,Male,172.0,73.7,94.0,113.0,107.0
39,Female,168.3,56.3,78.0,89.0,94.0
49,Female,160.0,,80.0,89.0,94.0
37,Female,156.9,43.5,75.0,87.0,94.0
54,Female,152.0,77.0,91.0,100.0,114.0
19,Female,166.7,50.1,71.0,80.0,91.0
38,Female,169.8,82.3,94.0,100.0,121.0
24,Male,170.7,63.3,85.0,105.0,95.0
32,Non-Binary,172.6,57.7,75.0,89.0,88.0
26,Male,183.3,68.8,92.0,102.0,100.0
28,Non-Binary,170.0,82.9,96.0,105.0,115.0
41,Male,171.1,55.7,86.0,105.0,101.0
63,Male,179.5,89.4,113.0,105.0,108.0
30,Male,176.3,67.7,89.0,103.0,105.0
29,Male,169.2,55.9,,97.0,91.0
62,Female,158.1,57.5,80.0,,106.0
39,Female,163.7,80.5,98.0,95.0,115.0
57,Female,163.1,54.8,77.0,85.0,99.0
54,Male,165.9,52.9,78.0,95.0,101.0
32,Male,171.9,53.0,82.0,94.0,88.0
63,Female,156.0,67.4,76.0,88.0,102.0
46,Female,171.4,67.9,88.0,88.0,110.0
60,Male,172.9,61.0,81.0,93.0,95.0
62,Male,177.9,76.8,89.0,104.0,100.0
51,Female,161.4,74.3,89.0,97.0,115.0
44,Male,182.6,83.4,99.0,113.0,116.0
21,Female,166.7,68.1,86.0,89.0,104.0
30,Female,161.0,,,92.0,102.0
27,Male,170.9,76.3,97.0,102.0,100.0
22,Female,,73.9,90.0,104.0,116.0
44,Female,169.3,75.3,85.0,91.0,115.0
19,Male,167.5,66.2,84.0,101.0,99.0
37,Female,160.4,50.8,73.0,79.0,99.0
27,Male,169.1,66.5,83.0,96.0,89.0
23,Male,178.0,48.5,85.0,84.0,93.0
47,Female,159.1,49.6,73.0,82.0,108.0
47,Female,161.5,62.6,81.0,97.0,102.0
65,Male,171.4,70.8,96.0,100.0,103.0
24,Male,177.2,58.3,90.0,95.0,98.0
33,Male,176.9,74.8,93.0,108.0,111.0
59,Male,,55.8,79.0,93.0,93.0
58,Non-Binary,173.4,75.1,89.0,92.0,109.0
21,Female,164.7,60.3,80.0,89.0,103.0
65,Male,173.8,79.2,91.0,112.0,104.0
29,Male,172.8,73.9,96.0,105.0,107.0
28,Female,164.1,72.4,83.0,91.0,111.0
47,Female,169.1,35.7,65.0,75.0,85.0
27,Male,169.2,52.6,77.0,83.0,90.0
64,Female,167.0,68.3,,92.0,108.0
20,Male,192.7,70.2,94.0,108.0,110.0
56,Female,165.9,64.8,84.0,94.0,106.0
48,Male,171.9,58.4,76.0,95.0,91.0
59,Male,175.6,52.0,83.0,105.0,93.0
61,Male,175.7,,76.0,,97.0
36,Female,155.8,40.0,60.0,72.0,91.0
22,Male,178.2,62.1,85.0,99.0,104.0
42,Female,160.0,55.9,72.0,87.0,94.0
25,Female,164.5,68.2,83.0,95.0,112.0
62,Female,165.1,70.2,85.0,95.0,108.0
22,Female,164.9,82.9,96.0,104.0,120.0
49,Male,166.7,56.2,83.0,95.0,100.0
21,Male,172.7,70.0,86.0,100.0,103.0
35,Female,161.6,60.3,80.0,88.0,98.0
48,Female,165.6,77.0,93.0,95.0,109.0
47,Female,,73.9,91.0,,117.0
18,Male,183.5,81.4,106.0,110.0,105.0
50,Male,175.8,83.5,100.0,108.0,110.0
23,Female,158.3,75.7,93.0,94.0,107.0
44,Male,167.0,75.8,,96.0,100.0
18,Female,159.5,47.5,72.0,86.0,95.0
31,Male,169.8,60.9,86.0,100.0,91.0
57,Female,159.4,68.3,84.0,102.0,110.0
19,Female,167.1,78.2,92.0,96.0,115.0
33,Male,180.3,80.8,98.0,106.0,104.0
39,Male,174.2,69.6,91.0,105.0,100.0
20,Female,157.5,66.4,85.0,90.0,107.0
55,Female,158.0,65.0,77.0,82.0,103.0
56,Male,182.3,87.3,109.0,109.0,117.0
40,Female,167.1,65.7,81.0,87.0,112.0
63,Female,163.1,58.6,83.0,88.0,98.0
45,Female,157.1,53.7,76.0,87.0,99.0
36,Male,183.4,83.0,93.0,116.0,108.0
46,Male,184.2,76.9,86.0,106.0,111.0
63,Male,164.9,53.0,83.0,87.0,89.0
59,Male,160.0,56.9,73.0,87.0,94.0
19,Male,178.6,98.8,116.0,108.0,121.0
61,Female,161.6,50.0,71.0,91.0,86.0
46,Female,160.2,53.3,76.0,84.0,98.0
34,Male,178.5,69.1,,103.0,103.0
64,Male,176.1,56.0,78.0,97.0,88.0
33,Male,185.7,82.4,100.0,108.0,104.0
36,Female,153.3,51.9,69.0,85.0,94.0
44,Female,156.6,53.9,72.0,90.0,103.0
55,Female,165.6,59.9,76.0,88.0,106.0
38,Female,159.3,56.0,74.0,89.0,98.0
59,Male,173.4,72.1,99.0,110.0,99.0
29,Male,171.9,74.8,92.0,94.0,99.0
21,Female,162.2,53.5,73.0,80.0,98.0
55,Male,188.4,75.9,105.0,101.0,105.0
63,Male,181.4,90.6,108.0,114.0,116.0
54,Male,172.4,,110.0,103.0,106.0
59,Non-Binary,171.5,73.5,87.0,99.0,113.0
62,Female,162.1,51.8,70.0,80.0,96.0
56,Male,168.1,70.4,89.0,110.0,100.0
61,Male,174.8,84.4,103.0,104.0,116.0
65,Male,162.6,74.1,89.0,99.0,103.0
62,Female,165.7,70.4,91.0,87.0,111.0
53,Male,183.6,84.2,101.0,100.0,114.0
37,Female,159.1,68.3,82.0,93.0,108.0
27,Male,171.0,68.4,97.0,100.0,108.0
40,Female,160.0,62.6,77.0,87.0,97.0
62,Male,176.9,59.4,85.0,99.0,94.0
19,Male,169.8,80.5,105.0,101.0,115.0
34,Female,155.7,57.6,72.0,88.0,92.0
62,Male,170.3,68.4,91.0,97.0,97.0
65,Non-Binary,168.3,88.4,103.0,99.0,105.0
47,Non-Binary,160.2,64.7,90.0,89.0,99.0
31,Non-Binary,180.1,71.2,88.0,86.0,108.0
23,Male,187.1,105.5,116.0,117.0,128.0
54,Male,177.9,43.5,79.0,91.0,86.0
30,Male,,84.2,102.0,111.0,110.0
48,Male,180.0,57.1,81.0,101.0,90.0
52,Female,162.7,70.9,83.0,92.0,112.0
43,Female,158.5,65.8,83.0,87.0,108.0
44,Female,164.1,74.1,88.0,89.0,110.0
34,Male,181.7,68.6,88.0,,104.0
57,Female,156.4,,80.0,90.0,95.0
38,Male,179.6,81.5,101.0,106.0,112.0
39,Male,177.2,58.2,89.0,86.0,98.0
58,Female,168.0,68.9,84.0,88.0,108.0
38,Male,173.9,80.5,101.0,110.0,113.0
62,Female,,73.1,87.0,97.0,109.0
28,Male,170.6,63.6,86.0,94.0,98.0
55,Female,163.2,59.2,80.0,88.0,96.0
41,Female,158.5,59.9,76.0,81.0,88.0
61,Male,185.8,92.8,115.0,117.0,110.0
47,Female,161.9,62.1,80.0,93.0,106.0
45,Female,152.1,56.5,79.0,87.0,92.0
44,Female,158.7,54.0,69.0,79.0,98.0
53,Female,162.1,60.4,74.0,90.0,96.0
33,Female,153.9,51.2,73.0,77.0,91.0
51,Male,177.6,67.6,88.0,103.0,103.0
48,Male,172.1,72.1,98.0,97.0,106.0
37,Female,165.2,63.1,78.0,88.0,100.0
40,Male,178.8,43.6,74.0,90.0,84.0
48,Male,180.2,,86.0,106.0,93.0
65,Female,156.2,52.7,80.0,80.0,97.0
59,Female,159.1,79.3,91.0,94.0,111.0
55,Male,176.9,75.0,94.0,,101.0
30,Female,158.3,63.0,78.0,84.0,107.0
45,Male,169.0,59.4,78.0,103.0,101.0
59,Female,165.8,56.5,78.0,83.0,102.0
56,Male,177.5,75.2,92.0,103.0,110.0
25,Male,177.4,61.0,85.0,97.0,94.0
58,Female,155.1,63.8,74.0,83.0,99.0
41,Female,159.9,70.5,85.0,97.0,101.0
46,Female,159.1,48.9,67.0,86.0,92.0
62,Female,166.7,53.8,75.0,80.0,104.0
18,Female,169.0,60.7,83.0,96.0,100.0
58,Male,174.8,91.2,110.0,113.0,113.0
24,Female,164.8,47.6,68.0,70.0,88.0
65,Female,,87.5,98.0,109.0,
54,Male,179.0,92.2,111.0,114.0,115.0
29,Male,159.2,45.9,85.0,86.0,90.0
37,Male,166.9,77.1,99.0,111.0,109.0
48,Female,167.2,66.2,77.0,94.0,105.0
18,Female,154.3,51.2,65.0,85.0,91.0
27,Female,164.1,66.2,77.0,86.0,99.0
46,Female,161.1,79.7,94.0,111.0,117.0
34,Female,157.2,49.6,65.0,86.0,95.0
20,Female,160.4,61.4,83.0,95.0,107.0
20,Female,158.9,50.0,,82.0,100.0
35,Male,174.4,51.3,80.0,82.0,94.0
27,Female,164.5,74.7,79.0,95.0,116.0
63,Male,182.4,97.7,108.0,110.0,121.0
31,Male,177.5,82.4,106.0,101.0,108.0
32,Male,186.8,74.4,85.0,102.0,104.0
24,Male,167.9,61.1,78.0,97.0,99.0
62,Male,171.3,66.8,90.0,93.0,99.0
43,Male,184.9,89.4,104.0,110.0,115.0
41,Female,164.3,72.1,86.0,104.0,105.0
56,Female,163.7,72.7,92.0,89.0,106.0
32,Male,171.3,83.1,,107.0,111.0
60,Female,154.5,69.3,84.0,97.0,101.0
55,Female,151.6,64.8,84.0,87.0,106.0
54,Male,165.7,71.5,94.0,103.0,98.0
41,Male,180.8,90.5,106.0,110.0,110.0
33,Female,164.0,58.9,78.0,91.0,100.0
56,Female,162.1,62.7,89.0,98.0,103.0
52,Male,180.2,67.5,87.0,103.0,99.0
36,Male,168.9,,79.0,91.0,89.0
59,Non-Binary,168.5,62.6,93.0,85.0,94.0
36,Female,165.3,74.8,86.0,90.0,120.0
48,Male,184.5,94.8,101.0,108.0,119.0
22,Male,172.3,75.9,91.0,117.0,101.0
52,Female,169.3,69.2,87.0,89.0,106.0
31,Male,179.6,93.1,101.0,108.0,115.0
19,Male,190.4,83.3,101.0,111.0,114.0
28,Female,161.0,67.1,,93.0,110.0
44,Female,160.5,64.3,,88.0,105.0
52,Non-Binary,161.2,70.6,80.0,87.0,105.0
20,Female,163.0,74.7,92.0,102.0,111.0
39,Male,170.1,65.9,79.0,98.0,103.0
44,Female,175.5,71.1,86.0,92.0,113.0
29,Male,177.1,70.4,96.0,101.0,99.0
46,Female,172.9,71.5,91.0,96.0,113.0
32,Male,176.5,70.1,90.0,109.0,103.0
29,Male,166.1,71.5,101.0,105.0,103.0
53,Female,162.4,87.6,103.0,101.0,126.0
33,Male,172.9,68.3,95.0,110.0,94.0
41,Female,163.1,68.8,84.0,89.0,105.0
41,Male,177.2,79.9,97.0,108.0,104.0
25,Male,178.4,62.7,84.0,100.0,100.0
40,Male,187.8,80.3,91.0,111.0,113.0
46,Female,157.5,57.1,76.0,81.0,106.0
56,Male,186.3,93.9,110.0,106.0,119.0
36,Female,168.5,57.1,79.0,89.0,97.0
20,Female,167.7,81.6,87.0,90.0,108.0
40,Male,184.3,83.4,101.0,102.0,119.0
58,Female,158.3,74.1,84.0,98.0,109.0
42,Male,168.7,70.2,88.0,103.0,103.0
30,Female,165.5,83.2,95.0,99.0,115.0
44,Female,163.1,91.5,105.0,93.0,120.0
54,Male,172.0,73.5,92.0,110.0,107.0
20,Female,162.0,,71.0,90.0,97.0
59,Male,195.6,77.6,,111.0,106.0
40,Non-Binary,151.5,65.3,81.0,96.0,101.0
35,Male,165.3,51.7,84.0,89.0,
43,Female,158.0,74.7,93.0,92.0,115.0
48,Female,163.1,56.8,75.0,87.0,106.0
25,Female,159.8,63.0,79.0,87.0,103.0
49,Male,167.9,64.0,84.0,99.0,100.0
25,Male,175.1,42.0,69.0,86.0,89.0
64,Female,153.0,68.1,77.0,87.0,111.0
45,Female,157.7,65.2,77.0,83.0,94.0
65,Male,181.0,,88.0,95.0,96.0
50,Male,177.8,81.6,106.0,109.0,109.0
25,Male,187.6,71.7,89.0,96.0,109.0
54,Female,152.7,55.1,65.0,88.0,99.0
60,Female,164.7,81.5,92.0,94.0,112.0
65,Female,160.4,63.4,80.0,94.0,108.0
61,Female,168.1,64.0,80.0,86.0,101.0
56,Male,176.0,97.0,111.0,108.0,120.0
22,Female,164.8,58.4,83.0,88.0,105.0
65,Male,174.1,82.1,102.0,,110.0
49,Female,157.4,,67.0,91.0,90.0
39,Female,161.7,54.2,73.0,86.0,93.0
52,Male,177.4,84.0,100.0,111.0,110.0
42,Female,157.2,68.1,83.0,85.0,109.0
62,Female,169.8,50.1,73.0,79.0,98.0
61,Female,162.4,66.5,85.0,94.0,108.0
52,Female,162.5,80.0,91.0,91.0,114.0
19,Male,181.2,102.3,118.0,117.0,124.0
52,Male,173.9,66.5,89.0,85.0,97.0
50,Female,163.6,72.3,83.0,96.0,107.0
61,Female,165.3,49.1,69.0,89.0,94.0
31,Female,164.3,68.3,87.0,91.0,108.0
37,Male,163.2,69.1,92.0,97.0,100.0
35,Male,176.2,85.4,106.0,102.0,115.0
56,Male,179.8,51.9,80.0,90.0,90.0
60,Female,156.0,60.3,74.0,96.0,100.0
51,Male,168.8,57.9,87.0,92.0,91.0
18,Male,178.1,94.5,119.0,112.0,119.0
46,Male,163.1,49.8,78.0,86.0,86.0
38,Female,161.9,67.4,83.0,91.0,111.0
18,Male,165.1,54.3,,,96.0
64,Male,177.7,66.8,85.0,97.0,99.0
19,Male,172.5,66.0,85.0,105.0,98.0
49,Male,179.3,78.1,92.0,107.0,108.0
55,Female,170.1,65.6,82.0,93.0,109.0
40,Female,159.3,67.5,85.0,97.0,108.0
57,Female,173.5,68.5,81.0,92.0,107.0
55,Female,155.6,65.0,76.0,81.0,94.0
63,Non-Binary,160.9,61.8,81.0,94.0,94.0
50,Male,181.0,68.4,89.0,106.0,97.0
65,Female,167.5,54.1,81.0,75.0,96.0
38,Female,162.6,83.1,,96.0,124.0
38,Male,171.2,58.5,77.0,100.0,98.0
59,Male,168.6,95.5,113.0,103.0,
48,Female,158.5,80.5,103.0,94.0,109.0
30,Male,176.3,82.6,98.0,105.0,110.0
54,Female,160.1,57.0,74.0,90.0,102.0
55,Female,152.6,54.1,69.0,85.0,97.0
52,Female,,68.6,83.0,107.0,
61,Male,181.3,80.1,96.0,102.0,107.0
25,Male,189.0,82.9,97.0,104.0,
24,Male,179.1,90.8,104.0,108.0,120.0
56,Female,162.1,77.9,94.0,95.0,116.0
38,Female,170.3,71.3,90.0,94.0,115.0
21,Female,161.1,69.0,88.0,91.0,101.0
54,Female,159.6,58.2,81.0,88.0,106.0
61,Female,155.5,58.4,79.0,85.0,97.0
46,Male,172.0,67.8,91.0,106.0,98.0
50,Female,161.7,56.5,74.0,84.0,97.0
60,Female,162.6,69.6,89.0,92.0,112.0
32,Female,157.5,61.6,77.0,88.0,94.0
39,Male,177.0,70.5,90.0,,102.0
24,Female,158.1,57.5,81.0,82.0,98.0
49,Male,169.2,65.4,85.0,97.0,100.0
40,Male,187.3,94.4,105.0,113.0,122.0
24,Male,178.1,78.3,98.0,106.0,100.0
41,Male,184.2,97.8,,125.0,118.0
33,Male,,50.0,78.0,93.0,94.0
44,Male,172.9,67.3,91.0,92.0,95.0
46,Male,177.2,62.1,89.0,97.0,98.0
49,Female,165.7,65.6,85.0,84.0,107.0
48,Female,158.2,41.7,62.0,78.0,96.0
37,Male,178.7,87.4,108.0,115.0,104.0
46,Female,,55.8,74.0,88.0,88.0
48,Female,156.5,52.2,73.0,84.0,97.0
32,Male,171.6,53.3,74.0,89.0,97.0
29,Male,183.6,71.5,95.0,102.0,101.0
38,Female,154.3,68.1,80.0,91.0,100.0
19,Female,164.2,55.3,79.0,89.0,102.0
43,Female,154.4,51.5,65.0,81.0,94.0
33,Female,159.3,53.4,67.0,79.0,97.0
37,Female,156.0,66.0,89.0,92.0,103.0
61,Male,171.3,55.7,77.0,94.0,89.0
22,Female,159.0,60.8,75.0,90.0,101.0
21,Male,174.0,72.4,92.0,102.0,104.0
60,Female,155.6,80.3,93.0,95.0,112.0
39,Male,173.5,50.7,81.0,94.0,91.0
33,Female,165.1,65.6,81.0,82.0,99.0
42,Female,158.0,59.3,77.0,99.0,92.0
26,Female,,61.8,85.0,85.0,92.0
31,Female,156.8,47.0,64.0,89.0,94.0
44,Male,173.7,,105.0,,116.0
63,Female,163.1,70.6,83.0,92.0,107.0
26,Female,156.6,53.7,73.0,84.0,94.0
27,Female,158.0,64.9,76.0,96.0,101.0
52,Male,175.7,72.2,95.0,114.0,106.0
45,Male,177.7,65.7,84.0,103.0,100.0
32,Male,168.0,66.6,91.0,101.0,100.0
53,Female,157.8,,80.0,91.0,93.0
56,Female,166.3,66.2,78.0,92.0,106.0
25,Female,168.1,45.3,63.0,80.0,93.0
54,Male,175.3,92.1,112.0,115.0,118.0
57,Male,187.9,93.8,109.0,106.0,116.0
41,Female,159.5,34.9,58.0,75.0,90.0
42,Female,162.0,52.3,72.0,84.0,99.0
40,Female,163.0,65.2,81.0,93.0,108.0
46,Male,171.0,82.2,93.0,102.0,107.0
30,Female,172.3,75.6,90.0,95.0,115.0
59,Female,157.3,51.7,77.0,85.0,101.0
24,Non-Binary,179.3,63.1,77.0,89.0,95.0
22,Female,149.1,59.8,77.0,85.0,106.0
63,Male,182.3,70.0,91.0,111.0,106.0
23,Female,162.1,77.2,97.0,89.0,109.0
19,Female,164.8,77.5,89.0,102.0,113.0
27,Female,176.8,49.6,73.0,82.0,94.0
23,Female,175.3,82.3,103.0,104.0,106.0
61,Female,166.1,54.8,72.0,81.0,108.0
50,Male,175.7,88.7,98.0,105.0,106.0
22,Female,175.1,65.9,82.0,86.0,114.0
53,Male,172.1,70.5,90.0,103.0,106.0
39,Male,167.1,78.2,,111.0,103.0
44,Female,151.3,53.0,60.0,,96.0
41,Female,164.8,53.9,72.0,85.0,96.0
22,Female,164.6,79.6,88.0,100.0,107.0
46,Female,156.6,57.7,77.0,,103.0
61,Male,180.7,69.0,91.0,93.0,99.0
39,Male,,89.3,107.0,118.0,110.0
54,Female,167.6,58.3,75.0,94.0,107.0
61,Female,157.3,50.3,74.0,82.0,96.0
59,Male,165.7,55.7,79.0,102.0,91.0
37,Male,170.8,93.5,106.0,110.0,111.0
27,Male,169.4,72.5,92.0,110.0,103.0
60,Female,158.2,45.8,64.0,75.0,87.0
37,Female,,,74.0,86.0,92.0
35,Female,173.5,,88.0,92.0,105.0
57,Female,175.3,93.1,105.0,99.0,130.0
40,Female,156.5,48.4,67.0,87.0,101.0
50,Male,166.4,58.6,83.0,92.0,93.0
35,Female,169.6,80.0,89.0,98.0,115.0
32,Male,,71.0,89.0,98.0,106.0
56,Male,171.5,62.2,84.0,93.0,95.0
42,Female,165.8,68.6,88.0,88.0,103.0
58,Female,150.1,54.6,74.0,73.0,95.0
56,Male,172.3,87.8,109.0,105.0,
22,Male,190.0,55.9,84.0,91.0,
63,Female,160.4,54.9,68.0,90.0,99.0
19,Male,165.4,68.5,89.0,93.0,96.0
59,Female,165.6,66.2,81.0,90.0,106.0
48,Female,176.1,50.3,78.0,86.0,100.0
43,Female,167.7,73.9,92.0,88.0,120.0
31,Male,178.0,55.1,78.0,100.0,
37,Male,172.0,83.8,96.0,103.0,111.0
53,Male,190.0,95.6,,113.0,131.0
24,Male,189.5,63.6,83.0,98.0,100.0
59,Male,172.0,89.7,108.0,113.0,115.0
44,Female,164.5,61.3,75.0,86.0,105.0
29,Male,177.5,64.8,90.0,103.0,105.0
44,Male,175.3,87.2,107.0,115.0,107.0
60,Female,164.4,82.0,95.0,100.0,122.0
49,Male,174.8,87.6,106.0,104.0,116.0
36,Male,175.5,79.2,100.0,105.0,103.0
39,Male,172.3,63.6,91.0,105.0,97.0
22,Female,158.9,49.0,67.0,88.0,93.0
22,Male,166.2,79.4,97.0,107.0,108.0
34,Male,174.4,62.2,91.0,96.0,100.0
36,Male,176.5,54.7,80.0,88.0,92.0
57,Female,165.0,65.5,86.0,99.0,104.0
51,Male,165.3,55.6,88.0,90.0,94.0
36,Female,169.9,70.4,86.0,89.0,103.0
61,Male,163.2,71.7,90.0,101.0,101.0
63,Non-Binary,173.8,85.9,96.0,98.0,
50,Male,162.8,57.0,91.0,94.0,93.0
57,Female,162.6,65.3,83.0,92.0,112.0
24,Male,181.5,73.1,93.0,111.0,106.0
43,Female,164.5,68.7,84.0,90.0,106.0
31,Female,166.7,66.2,78.0,99.0,97.0
58,Male,179.4,41.6,72.0,99.0,84.0
27,Male,168.0,60.3,78.0,92.0,95.0
37,Male,172.9,68.8,96.0,99.0,106.0
61,Female,163.2,57.9,74.0,77.0,101.0
28,Female,168.3,55.7,77.0,,99.0
24,Male,173.7,51.6,89.0,102.0,94.0
62,Non-Binary,166.0,79.2,94.0,94.0,109.0
26,Female,157.4,,81.0,91.0,107.0
59,Male,158.8,73.1,90.0,91.0,104.0
60,Female,159.7,77.9,91.0,93.0,
51,Male,174.7,67.0,89.0,92.0,107.0
24,Male,,78.6,94.0,108.0,98.0
21,Female,160.0,66.0,84.0,90.0,102.0
25,Female,165.2,68.0,77.0,85.0,103.0
37,Female,157.4,67.3,87.0,88.0,100.0
44,Male,169.1,92.7,99.0,115.0,112.0
60,Female,161.8,48.8,70.0,79.0,99.0
39,Male,168.2,,85.0,,99.0
48,Female,155.0,62.0,77.0,87.0,101.0
20,Male,184.2,72.3,86.0,116.0,110.0
27,Female,162.2,39.6,67.0,87.0,89.0
55,Male,169.7,,78.0,99.0,93.0
60,Male,177.8,58.4,,104.0,93.0
24,Female,158.3,60.7,74.0,88.0,105.0
45,Male,166.9,57.5,84.0,87.0,95.0
51,Female,154.0,64.9,79.0,86.0,104.0
21,Male,183.6,95.5,106.0,126.0,123.0
65,Male,165.4,55.6,75.0,90.0,96.0
43,Female,161.7,61.4,81.0,88.0,97.0
64,Female,167.9,70.9,93.0,93.0,111.0
32,Male,181.0,41.3,73.0,89.0,87.0
39,Male,190.1,98.4,115.0,116.0,126.0
33,Male,177.3,78.7,99.0,100.0,115.0
44,Male,178.7,86.1,95.0,106.0,
48,Female,165.5,64.9,78.0,89.0,112.0
51,Female,156.4,63.4,85.0,80.0,
19,Male,178.1,59.2,78.0,104.0,97.0
60,Male,186.7,80.7,104.0,110.0,109.0
65,Female,159.6,46.2,69.0,85.0,99.0
21,Male,171.2,77.9,97.0,107.0,106.0
50,Female,161.3,80.4,87.0,95.0,
42,Male,185.0,90.5,109.0,113.0,115.0
34,Female,155.3,70.5,82.0,96.0,111.0
43,Male,168.0,57.9,81.0,104.0,93.0
43,Male,168.4,71.8,98.0,96.0,108.0
54,Female,157.8,69.2,,92.0,112.0
48,Male,179.0,,97.0,103.0,110.0
55,Female,155.9,55.8,76.0,92.0,89.0
32,Male,165.6,58.8,82.0,107.0,95.0
27,Female,165.5,64.0,79.0,98.0,108.0
43,Non-Binary,175.5,85.8,100.0,97.0,105.0
23,Male,185.1,,94.0,106.0,106.0
21,Male,173.4,66.3,90.0,102.0,105.0
19,Female,157.7,49.1,79.0,79.0,89.0
40,Male,169.5,83.0,101.0,109.0,113.0
61,Male,181.7,74.5,,105.0,107.0
27,Female,154.0,48.8,61.0,91.0,87.0
46,Male,189.7,59.1,92.0,107.0,98.0
26,Male,182.9,63.6,87.0,101.0,95.0
61,Female,161.8,58.7,83.0,89.0,107.0
19,Male,176.2,79.9,106.0,102.0,111.0
41,Male,168.7,62.0,80.0,90.0,90.0
45,Male,168.1,59.4,86.0,83.0,99.0
41,Female,154.9,72.9,90.0,88.0,99.0
46,Male,165.5,52.7,86.0,96.0,95.0
31,Non-Binary,164.4,76.5,99.0,89.0,104.0
31,Non-Binary,174.5,64.7,95.0,89.0,94.0
65,Female,147.5,48.8,70.0,85.0,93.0
24,Female,165.0,49.2,70.0,86.0,95.0
31,Female,164.2,79.8,99.0,97.0,117.0
65,Female,164.5,64.7,81.0,91.0,94.0
26,Male,172.6,81.7,102.0,108.0,108.0
19,Male,172.4,74.6,95.0,106.0,107.0
46,Male,177.6,75.3,93.0,106.0,99.0
51,Female,161.0,59.5,76.0,84.0,104.0
21,Female,163.8,72.1,92.0,98.0,114.0
63,Male,166.4,55.0,73.0,96.0,95.0
52,Female,162.0,66.4,83.0,96.0,104.0
34,Male,173.3,63.1,82.0,106.0,104.0
48,Female,167.4,87.4,94.0,98.0,116.0
43,Female,159.2,62.2,73.0,83.0,104.0
49,Female,161.4,54.7,76.0,78.0,98.0
42,Male,186.0,,103.0,115.0,122.0
48,Non-Binary,176.3,65.1,81.0,90.0,100.0
53,Male,176.8,62.8,84.0,104.0,
40,Male,180.1,65.2,89.0,95.0,96.0
27,Female,158.0,59.5,79.0,87.0,94.0
55,Female,150.5,64.4,79.0,98.0,111.0
28,Male,189.5,75.5,102.0,109.0,109.0
42,Male,174.3,75.7,92.0,105.0,112.0
30,Female,156.4,61.5,70.0,87.0,
21,Male,177.8,88.6,103.0,111.0,117.0
19,Male,179.5,68.5,85.0,85.0,103.0
24,Male,171.0,68.0,95.0,99.0,97.0
55,Male,168.5,84.5,93.0,110.0,113.0
23,Female,162.4,57.3,,86.0,100.0
44,Female,171.0,97.6,105.0,112.0,129.0
36,Male,179.0,79.1,105.0,94.0,
41,Non-Binary,158.1,48.3,74.0,85.0,79.0
29,Female,154.3,53.0,70.0,90.0,103.0
63,Female,167.0,50.2,76.0,89.0,99.0
63,Male,176.7,72.8,105.0,95.0,105.0
26,Female,159.8,53.6,70.0,86.0,99.0
58,Female,159.5,64.5,82.0,,104.0
51,Male,183.1,74.8,100.0,107.0,103.0
23,Female,159.3,61.4,76.0,84.0,104.0
25,Male,180.1,92.1,110.0,121.0,114.0
60,Female,168.4,88.9,103.0,103.0,125.0
41,Female,162.6,56.8,73.0,85.0,101.0
38,Male,182.1,87.0,104.0,115.0,111.0
43,Male,156.4,75.8,95.0,99.0,108.0
58,Male,176.7,61.1,85.0,86.0,93.0
59,Female,157.8,63.3,77.0,93.0,109.0
58,Male,172.8,67.9,92.0,99.0,97.0
22,Female,163.8,60.2,75.0,89.0,99.0
28,Female,159.5,49.3,73.0,84.0,101.0
27,Male,166.3,70.5,,102.0,103.0
40,Female,159.4,61.9,77.0,84.0,103.0
40,Female,146.4,53.1,72.0,90.0,101.0
26,Female,153.6,67.7,78.0,101.0,98.0
63,Female,,67.1,85.0,98.0,102.0
39,Male,194.5,104.9,120.0,102.0,128.0
43,Male,169.7,81.5,100.0,104.0,111.0
33,Female,157.9,66.8,81.0,87.0,106.0
46,Male,181.4,,93.0,102.0,103.0
48,Female,159.3,65.0,82.0,95.0,97.0
23,Female,157.1,71.1,86.0,86.0,
29,Male,171.7,77.1,97.0,110.0,104.0
31,Male,189.7,84.2,106.0,,118.0
61,Female,165.3,89.4,102.0,101.0,123.0
57,Male,165.0,73.1,85.0,94.0,96.0
46,Male,176.7,82.4,100.0,102.0,109.0
29,Male,174.8,58.3,82.0,101.0,95.0
40,Female,149.7,38.2,57.0,83.0,90.0
22,Female,157.5,45.5,67.0,84.0,87.0
54,Male,171.9,74.6,94.0,113.0,105.0
37,Female,159.4,50.2,74.0,76.0,97.0
38,Female,156.9,43.1,62.0,93.0,81.0
36,Male,164.4,74.6,94.0,,103.0
34,Female,167.3,59.5,81.0,92.0,99.0
42,Male,186.3,86.5,104.0,104.0,109.0
38,Male,180.5,68.8,,,106.0
58,Female,162.9,55.9,74.0,84.0,95.0
40,Female,163.2,46.7,73.0,81.0,92.0
40,Female,168.8,47.2,73.0,85.0,91.0
37,Male,175.1,70.9,93.0,105.0,112.0
54,Female,159.8,66.9,86.0,86.0,103.0
31,Male,171.2,63.4,92.0,100.0,86.0
49,Female,170.2,69.8,91.0,90.0,113.0
40,Male,173.3,77.5,95.0,111.0,103.0
47,Male,170.7,72.1,88.0,98.0,104.0
24,Male,189.2,75.6,89.0,102.0,112.0
47,Male,172.8,57.7,,97.0,92.0
32,Male,171.4,58.4,87.0,102.0,97.0
48,Male,177.7,79.2,103.0,91.0,107.0
54,Female,164.5,69.7,82.0,95.0,113.0
44,Male,185.1,86.4,111.0,108.0,110.0
20,Male,170.0,62.1,84.0,,101.0
22,Female,,80.0,90.0,,119.0
33,Male,179.3,55.3,78.0,94.0,97.0
29,Female,167.0,59.9,78.0,95.0,107.0
39,Female,156.0,56.7,76.0,93.0,96.0
22,Female,159.5,60.9,79.0,87.0,99.0
40,Female,158.5,53.6,84.0,88.0,98.0
60,Female,164.6,41.8,66.0,82.0,98.0
27,Female,170.2,,100.0,86.0,112.0
55,Female,153.6,53.6,78.0,85.0,97.0
49,Male,189.0,82.7,96.0,,118.0
24,Female,163.0,72.8,84.0,99.0,105.0
57,Female,158.8,69.9,84.0,95.0,101.0
36,Male,,61.5,88.0,97.0,101.0
32,Male,177.5,81.8,98.0,110.0,103.0
40,Female,161.3,61.1,79.0,,101.0
55,Female,168.8,75.9,91.0,91.0,104.0
45,Female,164.9,42.2,63.0,,87.0
57,Male,,88.8,103.0,109.0,114.0
60,Female,161.3,49.9,67.0,83.0,89.0
33,Male,182.1,77.6,100.0,107.0,108.0
41,Male,178.0,87.1,101.0,117.0,111.0
25,Female,157.9,54.0,74.0,80.0,108.0
56,Female,160.0,55.3,80.0,91.0,97.0
50,Male,175.2,59.4,85.0,100.0,95.0
20,Female,163.9,67.3,89.0,97.0,110.0
33,Female,164.4,63.4,88.0,95.0,98.0
28,Male,172.2,74.2,,104.0,111.0
45,Male,154.2,55.9,76.0,99.0,
65,Male,172.7,60.6,,99.0,100.0
57,Male,174.7,55.7,80.0,89.0,98.0
26,Male,176.9,69.3,97.0,98.0,104.0
65,Female,162.8,69.6,86.0,92.0,110.0
41,Female,170.2,65.2,83.0,90.0,107.0
47,Female,159.5,75.4,85.0,91.0,109.0
50,Male,189.0,95.5,112.0,113.0,114.0
27,Male,180.1,63.0,94.0,94.0,101.0
65,Non-Binary,177.2,72.5,82.0,96.0,106.0
60,Male,170.9,69.1,87.0,93.0,104.0
38,Non-Binary,153.8,53.4,70.0,82.0,86.0
59,Male,177.5,77.8,91.0,104.0,101.0
60,Female,160.2,73.2,90.0,90.0,102.0
38,Female,160.8,57.2,75.0,88.0,110.0
36,Female,164.1,65.4,79.0,91.0,106.0
60,Non-Binary,172.8,59.6,75.0,100.0,98.0
29,Male,164.0,55.7,81.0,107.0,90.0
29,Female,161.2,58.5,79.0,87.0,96.0
39,Female,169.2,90.2,102.0,105.0,111.0
53,Non-Binary,160.2,52.3,76.0,78.0,88.0
32,Male,181.4,101.9,124.0,123.0,120.0
29,Female,163.5,71.1,,97.0,110.0
57,Male,,58.7,78.0,91.0,88.0
63,Male,178.7,80.3,106.0,,120.0
41,Non-Binary,166.6,60.0,79.0,95.0,86.0
27,Male,179.6,97.3,112.0,110.0,117.0
38,Non-Binary,180.3,76.6,96.0,98.0,106.0
50,Female,159.3,65.5,79.0,95.0,101.0
25,Male,182.2,80.5,103.0,97.0,108.0
54,Male,174.9,89.1,107.0,109.0,118.0
35,Male,177.2,70.8,88.0,93.0,101.0
22,Male,193.5,114.4,126.0,115.0,131.0
35,Male,178.6,83.6,95.0,107.0,111.0
63,Male,168.0,44.7,70.0,108.0,87.0
30,Female,168.3,61.8,79.0,95.0,98.0
47,Male,169.2,60.5,83.0,94.0,98.0
50,Female,167.7,75.5,90.0,98.0,117.0
28,Female,162.9,70.4,86.0,83.0,103.0
45,Female,170.6,72.9,84.0,101.0,100.0
52,Female,158.8,49.1,76.0,87.0,102.0
37,Female,158.1,46.0,64.0,79.0,92.0
42,Male,172.8,77.3,104.0,97.0,107.0
23,Female,159.7,78.5,90.0,96.0,110.0
56,Female,147.3,53.8,78.0,93.0,86.0
22,Male,171.9,74.4,102.0,96.0,106.0
39,Male,195.7,102.0,118.0,112.0,129.0
52,Female,166.6,82.3,90.0,102.0,120.0
26,Female,154.1,55.5,72.0,83.0,99.0
48,Male,165.8,63.8,83.0,101.0,99.0
49,Female,150.5,44.5,62.0,73.0,100.0
21,Female,160.3,68.4,89.0,87.0,104.0
39,Male,179.4,64.0,90.0,101.0,98.0
20,Female,165.2,60.1,74.0,94.0,97.0
36,Male,171.9,54.7,87.0,90.0,96.0
62,Female,162.1,72.1,90.0,89.0,115.0
23,Female,155.0,54.1,70.0,82.0,98.0
65,Non-Binary,166.8,66.8,86.0,97.0,97.0
55,Male,176.4,74.5,100.0,115.0,108.0
21,Male,183.5,87.0,114.0,112.0,108.0
20,Male,181.3,84.7,107.0,108.0,118.0
31,Male,175.4,51.1,79.0,80.0,89.0
27,Male,168.2,65.6,90.0,94.0,99.0
46,Male,185.5,78.4,95.0,106.0,110.0
42,Female,161.0,47.0,64.0,81.0,91.0
41,Male,183.9,73.0,97.0,91.0,107.0
44,Female,161.5,65.7,83.0,93.0,104.0
55,Female,159.3,55.7,73.0,93.0,104.0
36,Female,163.7,69.8,86.0,87.0,107.0
40,Male,167.7,67.6,89.0,100.0,100.0
62,Male,173.0,61.7,85.0,101.0,99.0
24,Female,,62.7,79.0,86.0,94.0
33,Female,160.6,47.7,65.0,87.0,90.0
23,Male,175.9,83.1,107.0,102.0,111.0
62,Male,188.9,109.0,127.0,114.0,125.0
45,Female,163.8,68.7,86.0,91.0,103.0
22,Male,,71.7,87.0,110.0,97.0
50,Male,165.1,81.9,102.0,101.0,108.0
18,Female,166.1,56.0,81.0,92.0,99.0
37,Female,153.7,58.0,75.0,89.0,105.0
27,Female,160.7,56.1,75.0,94.0,96.0
49,Male,181.2,94.4,109.0,119.0,111.0
64,Male,166.6,71.7,91.0,112.0,97.0
40,Female,159.9,45.5,65.0,85.0,94.0
19,Male,185.9,67.0,92.0,,103.0
58,Female,163.6,56.4,74.0,92.0,99.0
22,Female,162.6,73.0,83.0,,120.0
48,Male,176.0,66.8,87.0,95.0,105.0
64,Male,186.6,80.6,104.0,111.0,106.0
39,Female,162.5,74.6,84.0,101.0,120.0
54,Male,172.1,78.4,94.0,104.0,100.0
49,Female,162.7,69.4,85.0,96.0,109.0
40,Male,168.7,76.9,,104.0,106.0
24,Female,166.3,52.0,68.0,83.0,100.0
54,Female,157.2,75.0,88.0,98.0,105.0
48,Male,177.4,56.2,84.0,92.0,93.0
25,Male,174.4,62.3,86.0,104.0,92.0
46,Male,173.9,69.2,91.0,104.0,96.0
55,Female,160.0,49.2,76.0,86.0,91.0
25,Male,170.8,50.8,87.0,100.0,87.0
57,Male,170.0,60.8,89.0,95.0,98.0
55,Male,185.4,,113.0,110.0,118.0
50,Male,171.9,65.3,85.0,106.0,95.0
30,Female,161.3,69.6,86.0,94.0,114.0
59,Male,167.6,68.5,85.0,100.0,99.0
32,Female,164.0,58.7,76.0,89.0,93.0
59,Female,163.4,71.6,91.0,93.0,110.0
22,Female,157.1,70.9,80.0,91.0,108.0
61,Female,157.5,57.7,78.0,84.0,
28,Female,168.5,55.4,73.0,93.0,95.0
20,Male,169.8,56.5,77.0,,93.0
24,Female,163.4,66.7,83.0,93.0,108.0
54,Female,167.4,54.3,72.0,79.0,94.0
45,Female,160.8,63.3,76.0,82.0,103.0
28,Male,182.0,72.3,95.0,110.0,111.0
59,Female,163.7,38.2,68.0,72.0,90.0
24,Male,165.5,55.1,82.0,93.0,91.0
36,Female,167.2,85.6,100.0,94.0,119.0
55,Male,183.3,73.8,94.0,104.0,98.0
28,Male,179.3,88.3,107.0,110.0,115.0
26,Male,180.4,69.8,87.0,108.0,100.0
63,Male,169.2,90.4,108.0,110.0,114.0
49,Female,170.0,88.9,95.0,104.0,120.0
30,Female,161.8,53.2,73.0,83.0,102.0
35,Male,181.4,67.6,88.0,109.0,102.0
65,Male,179.2,77.0,92.0,109.0,104.0
50,Female,161.4,40.4,67.0,74.0,90.0
39,Male,178.5,79.0,102.0,100.0,104.0
41,Male,181.2,99.9,122.0,108.0,118.0
54,Female,162.2,57.2,76.0,87.0,101.0
49,Female,165.7,58.6,,87.0,101.0
26,Female,155.1,59.4,73.0,92.0,103.0
55,Female,153.9,59.3,78.0,87.0,99.0
51,Female,152.3,47.3,69.0,79.0,96.0
19,Male,180.2,96.8,112.0,110.0,117.0
30,Female,162.1,54.5,69.0,90.0,95.0
47,Female,161.6,67.5,85.0,84.0,102.0
59,Female,153.1,61.6,82.0,82.0,103.0
31,Female,167.2,66.0,84.0,97.0,116.0
42,Female,167.4,50.6,68.0,82.0,88.0
21,Female,162.7,71.1,85.0,86.0,117.0
24,Female,146.2,47.1,62.0,92.0,87.0
